era,year,month,sector,variable,spread,n_products,max_val,min_val
CS2,2013,5,Amundsen_Bellingshausen,hfr,0.03266439959406853,5,0.08477762341499329,0.05211322382092476
CS2,2013,5,Amundsen_Bellingshausen,hfi,0.022460967302322388,5,0.10919920355081558,0.0867382362484932
CS2,2013,5,Amundsen_Bellingshausen,hs,0.06954985111951828,5,0.1454426348209381,0.07589278370141983
CS2,2013,5,Amundsen_Bellingshausen,hsc,0.015402406454086304,5,0.03471951559185982,0.019317109137773514
CS2,2013,5,Eastern_Weddell,hfr,0.043324172496795654,5,0.09459974616765976,0.051275573670864105
CS2,2013,5,Eastern_Weddell,hfi,0.04333871603012085,5,0.1299346685409546,0.08659595251083374
CS2,2013,5,Eastern_Weddell,hs,0.05352574586868286,5,0.17028281092643738,0.11675706505775452
CS2,2013,5,Eastern_Weddell,hsc,0.0056861210614442825,5,0.03540447726845741,0.02971835620701313
CS2,2013,5,Indian,hfr,0.030037175863981247,5,0.07035656273365021,0.04031938686966896
CS2,2013,5,Indian,hfi,0.024807486683130264,5,0.08672679215669632,0.061919305473566055
CS2,2013,5,Indian,hs,0.066375732421875,5,0.1306908279657364,0.06431509554386139
CS2,2013,5,Indian,hsc,0.010145600885152817,5,0.02651582472026348,0.016370223835110664
CS2,2013,5,Ross,hfr,0.04141147807240486,5,0.10171879827976227,0.06030732020735741
CS2,2013,5,Ross,hfi,0.03389111906290054,5,0.12683352828025818,0.09294240921735764
CS2,2013,5,Ross,hs,0.05850960314273834,5,0.15717998147010803,0.09867037832736969
CS2,2013,5,Ross,hsc,0.007567103952169418,5,0.03268183022737503,0.025114726275205612
CS2,2013,5,Western_Pacific,hfr,0.05379214882850647,5,0.15306442975997925,0.09927228093147278
CS2,2013,5,Western_Pacific,hfi,0.05235874652862549,5,0.1809457540512085,0.128587007522583
CS2,2013,5,Western_Pacific,hs,0.07774972170591354,5,0.18093444406986237,0.10318472236394882
CS2,2013,5,Western_Pacific,hsc,0.010445969179272652,5,0.0367097370326519,0.02626376785337925
CS2,2013,5,Western_Weddell,hfr,0.0720481425523758,5,0.15903449058532715,0.08698634803295135
CS2,2013,5,Western_Weddell,hfi,0.05556382238864899,5,0.22031864523887634,0.16475482285022736
CS2,2013,5,Western_Weddell,hs,0.17412708699703217,5,0.32666704058647156,0.1525399535894394
CS2,2013,5,Western_Weddell,hsc,0.03901088982820511,5,0.07783712446689606,0.03882623463869095
CS2,2013,6,Amundsen_Bellingshausen,hfr,0.033846043050289154,5,0.07411112636327744,0.04026508331298828
CS2,2013,6,Amundsen_Bellingshausen,hfi,0.022843047976493835,5,0.10239451378583908,0.07955146580934525
CS2,2013,6,Amundsen_Bellingshausen,hs,0.0796777755022049,5,0.16502277553081512,0.08534500002861023
CS2,2013,6,Amundsen_Bellingshausen,hsc,0.015503931790590286,5,0.03934631496667862,0.023842383176088333
CS2,2013,6,Eastern_Weddell,hfr,0.05190274119377136,5,0.11451557278633118,0.06261283159255981
CS2,2013,6,Eastern_Weddell,hfi,0.06124812364578247,5,0.1644819974899292,0.10323387384414673
CS2,2013,6,Eastern_Weddell,hs,0.11161889880895615,5,0.22793342173099518,0.11631452292203903
CS2,2013,6,Eastern_Weddell,hsc,0.017277836799621582,5,0.04977201297879219,0.03249417617917061
CS2,2013,6,Indian,hfr,0.028095923364162445,5,0.0598457008600235,0.03174977749586105
CS2,2013,6,Indian,hfi,0.023902587592601776,5,0.07916823774576187,0.055265650153160095
CS2,2013,6,Indian,hs,0.038186684250831604,5,0.1123233288526535,0.0741366446018219
CS2,2013,6,Indian,hsc,0.0038159918040037155,5,0.024527156725525856,0.02071116492152214
CS2,2013,6,Ross,hfr,0.03990263491868973,5,0.0998334065079689,0.059930771589279175
CS2,2013,6,Ross,hfi,0.03889671713113785,5,0.1360042840242386,0.09710756689310074
CS2,2013,6,Ross,hs,0.05192387104034424,5,0.16689930856227875,0.11497543752193451
CS2,2013,6,Ross,hsc,0.005086250603199005,5,0.03720633313059807,0.03212008252739906
CS2,2013,6,Western_Pacific,hfr,0.050106726586818695,5,0.15490390360355377,0.10479717701673508
CS2,2013,6,Western_Pacific,hfi,0.05118362605571747,5,0.1886572688817978,0.13747364282608032
CS2,2013,6,Western_Pacific,hs,0.0589851438999176,5,0.1763538271188736,0.117368683218956
CS2,2013,6,Western_Pacific,hsc,0.0058325305581092834,5,0.03850899264216423,0.03267646208405495
CS2,2013,6,Western_Weddell,hfr,0.07694948464632034,5,0.16573873162269592,0.08878924697637558
CS2,2013,6,Western_Weddell,hfi,0.059773653745651245,5,0.22962874174118042,0.16985508799552917
CS2,2013,6,Western_Weddell,hs,0.1756957471370697,5,0.34051766991615295,0.16482192277908325
CS2,2013,6,Western_Weddell,hsc,0.03603572025895119,5,0.08106708526611328,0.045031365007162094
CS2,2013,7,Amundsen_Bellingshausen,hfr,0.039051104336977005,5,0.08383867889642715,0.04478757455945015
CS2,2013,7,Amundsen_Bellingshausen,hfi,0.02514529973268509,5,0.1144857257604599,0.08934042602777481
CS2,2013,7,Amundsen_Bellingshausen,hs,0.07744202762842178,5,0.18714462220668793,0.10970259457826614
CS2,2013,7,Amundsen_Bellingshausen,hsc,0.014021690934896469,5,0.04466872662305832,0.03064703568816185
CS2,2013,7,Eastern_Weddell,hfr,0.06001133844256401,5,0.11600657552480698,0.055995237082242966
CS2,2013,7,Eastern_Weddell,hfi,0.06292276084423065,5,0.16347849369049072,0.10055573284626007
CS2,2013,7,Eastern_Weddell,hs,0.08310063183307648,5,0.21719041466712952,0.13408978283405304
CS2,2013,7,Eastern_Weddell,hsc,0.009966190904378891,5,0.04742614924907684,0.03745995834469795
CS2,2013,7,Indian,hfr,0.0352851003408432,5,0.07110513001680374,0.03582002967596054
CS2,2013,7,Indian,hfi,0.037335433065891266,5,0.09983093291521072,0.06249549984931946
CS2,2013,7,Indian,hs,0.06174776703119278,5,0.16511957347393036,0.10337180644273758
CS2,2013,7,Indian,hsc,0.009380387142300606,5,0.036055855453014374,0.026675468310713768
CS2,2013,7,Ross,hfr,0.04234827309846878,5,0.10786442458629608,0.0655161514878273
CS2,2013,7,Ross,hfi,0.031825579702854156,5,0.14161279797554016,0.109787218272686
CS2,2013,7,Ross,hs,0.07012832164764404,5,0.18596096336841583,0.11583264172077179
CS2,2013,7,Ross,hsc,0.011936325579881668,5,0.04429588466882706,0.03235955908894539
CS2,2013,7,Western_Pacific,hfr,0.06159990280866623,5,0.154829740524292,0.09322983771562576
CS2,2013,7,Western_Pacific,hfi,0.06011389195919037,5,0.1869456022977829,0.12683171033859253
CS2,2013,7,Western_Pacific,hs,0.05462834984064102,5,0.17490798234939575,0.12027963250875473
CS2,2013,7,Western_Pacific,hsc,0.005971070379018784,5,0.038193266838788986,0.0322221964597702
CS2,2013,7,Western_Weddell,hfr,0.1003781259059906,5,0.21959581971168518,0.11921769380569458
CS2,2013,7,Western_Weddell,hfi,0.09490697085857391,5,0.2922707498073578,0.19736377894878387
CS2,2013,7,Western_Weddell,hs,0.12728960812091827,5,0.32825320959091187,0.2009636014699936
CS2,2013,7,Western_Weddell,hsc,0.028618108481168747,5,0.078279510140419,0.04966140165925026
CS2,2013,8,Amundsen_Bellingshausen,hfr,0.052807971835136414,5,0.10511631518602371,0.0523083433508873
CS2,2013,8,Amundsen_Bellingshausen,hfi,0.04716076701879501,5,0.1422126144170761,0.0950518473982811
CS2,2013,8,Amundsen_Bellingshausen,hs,0.05178448557853699,5,0.18050557374954224,0.12872108817100525
CS2,2013,8,Amundsen_Bellingshausen,hsc,0.006862848997116089,5,0.042822983115911484,0.035960134118795395
CS2,2013,8,Eastern_Weddell,hfr,0.06293321400880814,5,0.12050632387399673,0.0575731098651886
CS2,2013,8,Eastern_Weddell,hfi,0.06143786013126373,5,0.16671514511108398,0.10527728497982025
CS2,2013,8,Eastern_Weddell,hs,0.06281216442584991,5,0.21439671516418457,0.15158455073833466
CS2,2013,8,Eastern_Weddell,hsc,0.006524059921503067,5,0.04773205891251564,0.04120799899101257
CS2,2013,8,Indian,hfr,0.03679722920060158,5,0.08097807317972183,0.044180843979120255
CS2,2013,8,Indian,hfi,0.035804763436317444,5,0.10717234015464783,0.07136757671833038
CS2,2013,8,Indian,hs,0.053148604929447174,5,0.16590289771556854,0.11275429278612137
CS2,2013,8,Indian,hsc,0.009040161967277527,5,0.03622690215706825,0.027186740189790726
CS2,2013,8,Ross,hfr,0.04293311387300491,5,0.10657176375389099,0.06363864988088608
CS2,2013,8,Ross,hfi,0.04429822415113449,5,0.15651439130306244,0.11221616715192795
CS2,2013,8,Ross,hs,0.10189967602491379,5,0.21811309456825256,0.11621341854333878
CS2,2013,8,Ross,hsc,0.016140170395374298,5,0.04860610142350197,0.03246593102812767
CS2,2013,8,Western_Pacific,hfr,0.04183182865381241,5,0.13861723244190216,0.09678540378808975
CS2,2013,8,Western_Pacific,hfi,0.04474334418773651,5,0.1732041984796524,0.1284608542919159
CS2,2013,8,Western_Pacific,hs,0.07522562146186829,5,0.18860942125320435,0.11338379979133606
CS2,2013,8,Western_Pacific,hsc,0.009509705007076263,5,0.04118514433503151,0.031675439327955246
CS2,2013,8,Western_Weddell,hfr,0.11155582964420319,5,0.23777005076408386,0.12621422111988068
CS2,2013,8,Western_Weddell,hfi,0.10915486514568329,5,0.3102237582206726,0.20106889307498932
CS2,2013,8,Western_Weddell,hs,0.11801332235336304,5,0.3247239887714386,0.20671066641807556
CS2,2013,8,Western_Weddell,hsc,0.02318441867828369,5,0.07495969533920288,0.05177527666091919
CS2,2013,9,Amundsen_Bellingshausen,hfr,0.06309946998953819,5,0.12535060942173004,0.06225113943219185
CS2,2013,9,Amundsen_Bellingshausen,hfi,0.060511887073516846,5,0.16852618753910065,0.1080143004655838
CS2,2013,9,Amundsen_Bellingshausen,hs,0.07877729833126068,5,0.21520689129829407,0.1364295929670334
CS2,2013,9,Amundsen_Bellingshausen,hsc,0.008879404515028,5,0.04699302464723587,0.03811362013220787
CS2,2013,9,Eastern_Weddell,hfr,0.0780760869383812,5,0.14161212742328644,0.06353604048490524
CS2,2013,9,Eastern_Weddell,hfi,0.07986161857843399,5,0.18829068541526794,0.10842906683683395
CS2,2013,9,Eastern_Weddell,hs,0.0658123642206192,5,0.2123333364725113,0.1465209722518921
CS2,2013,9,Eastern_Weddell,hsc,0.005432754755020142,5,0.04636554792523384,0.0409327931702137
CS2,2013,9,Indian,hfr,0.03598979115486145,5,0.07888097316026688,0.042891182005405426
CS2,2013,9,Indian,hfi,0.03907536715269089,5,0.10899358242750168,0.06991821527481079
CS2,2013,9,Indian,hs,0.06374731659889221,5,0.17727455496788025,0.11352723836898804
CS2,2013,9,Indian,hsc,0.011683017015457153,5,0.03871004283428192,0.027027025818824768
CS2,2013,9,Ross,hfr,0.04778755456209183,5,0.11898579448461533,0.0711982399225235
CS2,2013,9,Ross,hfi,0.049738965928554535,5,0.16549189388751984,0.1157529279589653
CS2,2013,9,Ross,hs,0.0848136693239212,5,0.21052131056785583,0.12570764124393463
CS2,2013,9,Ross,hsc,0.010851580649614334,5,0.04596986994147301,0.03511828929185867
CS2,2013,9,Western_Pacific,hfr,0.058839984238147736,5,0.17786690592765808,0.11902692168951035
CS2,2013,9,Western_Pacific,hfi,0.059337273240089417,5,0.21024350821971893,0.15090623497962952
CS2,2013,9,Western_Pacific,hs,0.0681731253862381,5,0.2020406574010849,0.1338675320148468
CS2,2013,9,Western_Pacific,hsc,0.012238714843988419,5,0.04411802068352699,0.031879305839538574
CS2,2013,9,Western_Weddell,hfr,0.11705344915390015,5,0.2203577756881714,0.10330432653427124
CS2,2013,9,Western_Weddell,hfi,0.1370866447687149,5,0.30658039450645447,0.16949374973773956
CS2,2013,9,Western_Weddell,hs,0.07406444847583771,5,0.3062811493873596,0.2322167009115219
CS2,2013,9,Western_Weddell,hsc,0.004054762423038483,5,0.06688019633293152,0.06282543390989304
CS2,2013,10,Amundsen_Bellingshausen,hfr,0.07724284753203392,5,0.13161462545394897,0.054371777921915054
CS2,2013,10,Amundsen_Bellingshausen,hfi,0.08343514800071716,5,0.18356657028198242,0.10013142228126526
CS2,2013,10,Amundsen_Bellingshausen,hs,0.08651946485042572,5,0.2520667612552643,0.16554729640483856
CS2,2013,10,Amundsen_Bellingshausen,hsc,0.008881185203790665,5,0.053755924105644226,0.04487473890185356
CS2,2013,10,Eastern_Weddell,hfr,0.10026156902313232,5,0.1570833921432495,0.05682182312011719
CS2,2013,10,Eastern_Weddell,hfi,0.12050855159759521,5,0.2156311720609665,0.09512262046337128
CS2,2013,10,Eastern_Weddell,hs,0.09894183278083801,5,0.25952762365341187,0.16058579087257385
CS2,2013,10,Eastern_Weddell,hsc,0.017078526318073273,5,0.0553470216691494,0.038268495351076126
CS2,2013,10,Indian,hfr,0.07109568966552615,5,0.07709426432847977,0.005998574662953615
CS2,2013,10,Indian,hfi,0.06975802034139633,5,0.1118156760931015,0.04205765575170517
CS2,2013,10,Indian,hs,0.1083173155784607,5,0.21588805317878723,0.10757073760032654
CS2,2013,10,Indian,hsc,0.021299393847584724,5,0.04604042321443558,0.024741029366850853
CS2,2013,10,Ross,hfr,0.04633183032274246,5,0.12077128142118454,0.07443945109844208
CS2,2013,10,Ross,hfi,0.05183006823062897,5,0.16516605019569397,0.113335981965065
CS2,2013,10,Ross,hs,0.05428101122379303,5,0.17997945845127106,0.12569844722747803
CS2,2013,10,Ross,hsc,0.004823584109544754,5,0.03889653459191322,0.03407295048236847
CS2,2013,10,Western_Pacific,hfr,0.0898812860250473,5,0.1636035293340683,0.073722243309021
CS2,2013,10,Western_Pacific,hfi,0.08883237093687057,5,0.19654616713523865,0.10771379619836807
CS2,2013,10,Western_Pacific,hs,0.11579747498035431,5,0.23517566919326782,0.11937819421291351
CS2,2013,10,Western_Pacific,hsc,0.02160368673503399,5,0.05015372112393379,0.028550034388899803
CS2,2013,10,Western_Weddell,hfr,0.12377898395061493,5,0.23033961653709412,0.10656063258647919
CS2,2013,10,Western_Weddell,hfi,0.1648118793964386,5,0.3293358385562897,0.16452395915985107
CS2,2013,10,Western_Weddell,hs,0.07182776927947998,5,0.31530311703681946,0.24347534775733948
CS2,2013,10,Western_Weddell,hsc,0.012758839875459671,5,0.07068507373332977,0.0579262338578701
CS2,2014,5,Amundsen_Bellingshausen,hfr,0.03157736733555794,5,0.07978365570306778,0.04820628836750984
CS2,2014,5,Amundsen_Bellingshausen,hfi,0.02025069296360016,5,0.10074605792760849,0.08049536496400833
CS2,2014,5,Amundsen_Bellingshausen,hs,0.05327372997999191,5,0.13563048839569092,0.082356758415699
CS2,2014,5,Amundsen_Bellingshausen,hsc,0.01151270605623722,5,0.032475102692842484,0.020962396636605263
CS2,2014,5,Eastern_Weddell,hfr,0.043080344796180725,5,0.09001077711582184,0.04693043231964111
CS2,2014,5,Eastern_Weddell,hfi,0.034543946385383606,5,0.11613469570875168,0.08159074932336807
CS2,2014,5,Eastern_Weddell,hs,0.08505669236183167,5,0.18769195675849915,0.10263526439666748
CS2,2014,5,Eastern_Weddell,hsc,0.011956855654716492,5,0.03808077052235603,0.02612391486763954
CS2,2014,5,Indian,hfr,0.034814514219760895,5,0.08625364303588867,0.05143912881612778
CS2,2014,5,Indian,hfi,0.03013431280851364,5,0.10363037884235382,0.07349606603384018
CS2,2014,5,Indian,hs,0.04633830487728119,5,0.11460782587528229,0.0682695209980011
CS2,2014,5,Indian,hsc,0.008158962242305279,5,0.02325274795293808,0.015093785710632801
CS2,2014,5,Ross,hfr,0.030091453343629837,5,0.07775828242301941,0.04766682907938957
CS2,2014,5,Ross,hfi,0.026078753173351288,5,0.1064801812171936,0.08040142804384232
CS2,2014,5,Ross,hs,0.06192596256732941,5,0.1511293649673462,0.08920340240001678
CS2,2014,5,Ross,hsc,0.010135605931282043,5,0.03284068778157234,0.0227050818502903
CS2,2014,5,Western_Pacific,hfr,0.035316430032253265,5,0.12087320536375046,0.08555677533149719
CS2,2014,5,Western_Pacific,hfi,0.031293533742427826,5,0.14383530616760254,0.11254177242517471
CS2,2014,5,Western_Pacific,hs,0.06308583170175552,5,0.15100428462028503,0.08791845291852951
CS2,2014,5,Western_Pacific,hsc,0.00825919397175312,5,0.030637215822935104,0.022378021851181984
CS2,2014,5,Western_Weddell,hfr,0.09670688211917877,5,0.23266620934009552,0.13595932722091675
CS2,2014,5,Western_Weddell,hfi,0.11150054633617401,5,0.3246901035308838,0.21318955719470978
CS2,2014,5,Western_Weddell,hs,0.2389904409646988,5,0.43593379855155945,0.19694335758686066
CS2,2014,5,Western_Weddell,hsc,0.041240740567445755,5,0.0884464904665947,0.04720574989914894
CS2,2014,6,Amundsen_Bellingshausen,hfr,0.04648954048752785,5,0.09840210527181625,0.051912564784288406
CS2,2014,6,Amundsen_Bellingshausen,hfi,0.03778237849473953,5,0.12885206937789917,0.09106969088315964
CS2,2014,6,Amundsen_Bellingshausen,hs,0.057515501976013184,5,0.1661648154258728,0.10864931344985962
CS2,2014,6,Amundsen_Bellingshausen,hsc,0.008968386799097061,5,0.0393211729824543,0.03035278618335724
CS2,2014,6,Eastern_Weddell,hfr,0.04261239245533943,5,0.08503032475709915,0.04241793230175972
CS2,2014,6,Eastern_Weddell,hfi,0.04733791947364807,5,0.12897571921348572,0.08163779973983765
CS2,2014,6,Eastern_Weddell,hs,0.07591059803962708,5,0.20505642890930176,0.12914583086967468
CS2,2014,6,Eastern_Weddell,hsc,0.008697759360074997,5,0.044776551425457,0.036078792065382004
CS2,2014,6,Indian,hfr,0.02291141077876091,5,0.05907720327377319,0.03616579249501228
CS2,2014,6,Indian,hfi,0.017864961177110672,5,0.07883169502019882,0.06096673384308815
CS2,2014,6,Indian,hs,0.06019427627325058,5,0.1494426727294922,0.08924839645624161
CS2,2014,6,Indian,hsc,0.010477988049387932,5,0.03263261169195175,0.02215462364256382
CS2,2014,6,Ross,hfr,0.041177958250045776,5,0.09203460812568665,0.05085664987564087
CS2,2014,6,Ross,hfi,0.039200782775878906,5,0.12767185270786285,0.08847106993198395
CS2,2014,6,Ross,hs,0.06653441488742828,5,0.1738896518945694,0.10735523700714111
CS2,2014,6,Ross,hsc,0.007979638874530792,5,0.03797090798616409,0.0299912691116333
CS2,2014,6,Western_Pacific,hfr,0.03528008610010147,5,0.12302301079034805,0.08774292469024658
CS2,2014,6,Western_Pacific,hfi,0.04154117405414581,5,0.16085006296634674,0.11930888891220093
CS2,2014,6,Western_Pacific,hs,0.08199359476566315,5,0.17501799762248993,0.09302440285682678
CS2,2014,6,Western_Pacific,hsc,0.012229550629854202,5,0.03821729123592377,0.025987740606069565
CS2,2014,6,Western_Weddell,hfr,0.08249383419752121,5,0.199654683470726,0.1171608492732048
CS2,2014,6,Western_Weddell,hfi,0.10157719254493713,5,0.29886099696159363,0.1972838044166565
CS2,2014,6,Western_Weddell,hs,0.24217142164707184,5,0.4421118497848511,0.19994042813777924
CS2,2014,6,Western_Weddell,hsc,0.04593280702829361,5,0.09654046595096588,0.05060765892267227
CS2,2014,7,Amundsen_Bellingshausen,hfr,0.04571348801255226,5,0.09467266499996185,0.04895917698740959
CS2,2014,7,Amundsen_Bellingshausen,hfi,0.03787221759557724,5,0.13069628179073334,0.0928240641951561
CS2,2014,7,Amundsen_Bellingshausen,hs,0.06687913089990616,5,0.1842547506093979,0.11737561970949173
CS2,2014,7,Amundsen_Bellingshausen,hsc,0.011170703917741776,5,0.043961312621831894,0.03279060870409012
CS2,2014,7,Eastern_Weddell,hfr,0.058696869760751724,5,0.11807423084974289,0.059377361088991165
CS2,2014,7,Eastern_Weddell,hfi,0.06883710622787476,5,0.17201843857765198,0.10318133234977722
CS2,2014,7,Eastern_Weddell,hs,0.10884653031826019,5,0.2463926523923874,0.1375461220741272
CS2,2014,7,Eastern_Weddell,hsc,0.01537727564573288,5,0.05380281060934067,0.03842553496360779
CS2,2014,7,Indian,hfr,0.024675756692886353,5,0.06790635734796524,0.04323060065507889
CS2,2014,7,Indian,hfi,0.023644760251045227,5,0.0933884009718895,0.06974364072084427
CS2,2014,7,Indian,hs,0.06363559514284134,5,0.16110901534557343,0.09747342020273209
CS2,2014,7,Indian,hsc,0.010342268273234367,5,0.03518010303378105,0.024837834760546684
CS2,2014,7,Ross,hfr,0.044487908482551575,5,0.09839316457509995,0.05390525609254837
CS2,2014,7,Ross,hfi,0.05096155405044556,5,0.14947275817394257,0.09851120412349701
CS2,2014,7,Ross,hs,0.11502929031848907,5,0.22331108152866364,0.10828179121017456
CS2,2014,7,Ross,hsc,0.018512554466724396,5,0.048762671649456024,0.03025011718273163
CS2,2014,7,Western_Pacific,hfr,0.03349795937538147,5,0.13630445301532745,0.10280649363994598
CS2,2014,7,Western_Pacific,hfi,0.036622077226638794,5,0.171428844332695,0.1348067671060562
CS2,2014,7,Western_Pacific,hs,0.06017627567052841,5,0.16538436710834503,0.10520809143781662
CS2,2014,7,Western_Pacific,hsc,0.006722245365381241,5,0.0361136756837368,0.02939143031835556
CS2,2014,7,Western_Weddell,hfr,0.07744494825601578,5,0.18598106503486633,0.10853611677885056
CS2,2014,7,Western_Weddell,hfi,0.1007380485534668,5,0.2871490716934204,0.1864110231399536
CS2,2014,7,Western_Weddell,hs,0.250900998711586,5,0.44685518741607666,0.19595418870449066
CS2,2014,7,Western_Weddell,hsc,0.04283353313803673,5,0.09757622331380844,0.05474269017577171
CS2,2014,8,Amundsen_Bellingshausen,hfr,0.05125361680984497,5,0.11377787590026855,0.06252425909042358
CS2,2014,8,Amundsen_Bellingshausen,hfi,0.04512690752744675,5,0.15066374838352203,0.10553684085607529
CS2,2014,8,Amundsen_Bellingshausen,hs,0.07375107705593109,5,0.18430498242378235,0.11055390536785126
CS2,2014,8,Amundsen_Bellingshausen,hsc,0.012174319475889206,5,0.04305918142199516,0.030884861946105957
CS2,2014,8,Eastern_Weddell,hfr,0.06659624725580215,5,0.12658020853996277,0.059983961284160614
CS2,2014,8,Eastern_Weddell,hfi,0.0769134983420372,5,0.18363820016384125,0.10672470182180405
CS2,2014,8,Eastern_Weddell,hs,0.11196669936180115,5,0.2644830048084259,0.15251630544662476
CS2,2014,8,Eastern_Weddell,hsc,0.015145387500524521,5,0.0577530674636364,0.04260767996311188
CS2,2014,8,Indian,hfr,0.02812858670949936,5,0.0731908306479454,0.045062243938446045
CS2,2014,8,Indian,hfi,0.02868083119392395,5,0.1008005142211914,0.07211968302726746
CS2,2014,8,Indian,hs,0.04737544804811478,5,0.14620572328567505,0.09883027523756027
CS2,2014,8,Indian,hsc,0.007219228893518448,5,0.03192579001188278,0.024706561118364334
CS2,2014,8,Ross,hfr,0.05110287666320801,5,0.11749455332756042,0.06639167666435242
CS2,2014,8,Ross,hfi,0.05217461287975311,5,0.16748781502246857,0.11531320214271545
CS2,2014,8,Ross,hs,0.10529064387083054,5,0.22343610227108002,0.11814545840024948
CS2,2014,8,Ross,hsc,0.01591586321592331,5,0.04892153665423393,0.03300567343831062
CS2,2014,8,Western_Pacific,hfr,0.036055922508239746,5,0.13291457295417786,0.09685865044593811
CS2,2014,8,Western_Pacific,hfi,0.03711821138858795,5,0.16441388428211212,0.12729567289352417
CS2,2014,8,Western_Pacific,hs,0.0693625658750534,5,0.17831341922283173,0.10895085334777832
CS2,2014,8,Western_Pacific,hsc,0.008499860763549805,5,0.03893688693642616,0.030437026172876358
CS2,2014,8,Western_Weddell,hfr,0.06937748193740845,5,0.18062174320220947,0.11124426126480103
CS2,2014,8,Western_Weddell,hfi,0.09119454026222229,5,0.2766997516155243,0.185505211353302
CS2,2014,8,Western_Weddell,hs,0.20864158868789673,5,0.43420717120170593,0.2255655825138092
CS2,2014,8,Western_Weddell,hsc,0.039028577506542206,5,0.09481437504291534,0.05578579753637314
CS2,2014,9,Amundsen_Bellingshausen,hfr,0.045987650752067566,5,0.135846346616745,0.08985869586467743
CS2,2014,9,Amundsen_Bellingshausen,hfi,0.03888446092605591,5,0.1772277057170868,0.13834324479103088
CS2,2014,9,Amundsen_Bellingshausen,hs,0.08224818110466003,5,0.2045232653617859,0.12227508425712585
CS2,2014,9,Amundsen_Bellingshausen,hsc,0.014393050223588943,5,0.04855239763855934,0.0341593474149704
CS2,2014,9,Eastern_Weddell,hfr,0.07284393161535263,5,0.1368023306131363,0.06395839899778366
CS2,2014,9,Eastern_Weddell,hfi,0.07793692499399185,5,0.18586638569831848,0.10792946070432663
CS2,2014,9,Eastern_Weddell,hs,0.06727266311645508,5,0.2280886024236679,0.16081593930721283
CS2,2014,9,Eastern_Weddell,hsc,0.005834858864545822,5,0.0498059056699276,0.043971046805381775
CS2,2014,9,Indian,hfr,0.0274832621216774,5,0.0652509480714798,0.0377676859498024
CS2,2014,9,Indian,hfi,0.03163687139749527,5,0.09656580537557602,0.06492893397808075
CS2,2014,9,Indian,hs,0.07203585654497147,5,0.17364630103111267,0.1016104444861412
CS2,2014,9,Indian,hsc,0.014077311381697655,5,0.037917766720056534,0.02384045533835888
CS2,2014,9,Ross,hfr,0.06724966317415237,5,0.13736611604690552,0.07011645287275314
CS2,2014,9,Ross,hfi,0.0671476274728775,5,0.18141977488994598,0.11427214741706848
CS2,2014,9,Ross,hs,0.06803791224956512,5,0.20150870084762573,0.1334707885980606
CS2,2014,9,Ross,hsc,0.006868667900562286,5,0.044155701994895935,0.03728703409433365
CS2,2014,9,Western_Pacific,hfr,0.038755424320697784,5,0.12588489055633545,0.08712946623563766
CS2,2014,9,Western_Pacific,hfi,0.031656332314014435,5,0.15348318219184875,0.12182684987783432
CS2,2014,9,Western_Pacific,hs,0.07156804949045181,5,0.1957690566778183,0.12420100718736649
CS2,2014,9,Western_Pacific,hsc,0.013224905356764793,5,0.04274853691458702,0.029523631557822227
CS2,2014,9,Western_Weddell,hfr,0.06496787816286087,5,0.16745086014270782,0.10248298197984695
CS2,2014,9,Western_Weddell,hfi,0.08312338590621948,5,0.25076743960380554,0.16764405369758606
CS2,2014,9,Western_Weddell,hs,0.17974886298179626,5,0.3782103359699249,0.19846147298812866
CS2,2014,9,Western_Weddell,hsc,0.02843240648508072,5,0.08258679509162903,0.05415438860654831
CS2,2014,10,Amundsen_Bellingshausen,hfr,0.06976666301488876,5,0.12676456570625305,0.05699790269136429
CS2,2014,10,Amundsen_Bellingshausen,hfi,0.06920160353183746,5,0.17332059144973755,0.10411898791790009
CS2,2014,10,Amundsen_Bellingshausen,hs,0.11180944740772247,5,0.24320101737976074,0.13139156997203827
CS2,2014,10,Amundsen_Bellingshausen,hsc,0.016249023377895355,5,0.05186520516872406,0.035616181790828705
CS2,2014,10,Eastern_Weddell,hfr,0.0853998214006424,5,0.13773001730442047,0.052330195903778076
CS2,2014,10,Eastern_Weddell,hfi,0.10020946711301804,5,0.19179299473762512,0.09158352762460709
CS2,2014,10,Eastern_Weddell,hs,0.07061439752578735,5,0.2350233793258667,0.16440898180007935
CS2,2014,10,Eastern_Weddell,hsc,0.010867908596992493,5,0.0501212440431118,0.03925333544611931
CS2,2014,10,Indian,hfr,0.06160375941544771,5,0.07256921380758286,0.010965454392135143
CS2,2014,10,Indian,hfi,0.06563788279891014,5,0.10821337252855301,0.04257548972964287
CS2,2014,10,Indian,hs,0.10625734180212021,5,0.2049378901720047,0.09868054836988449
CS2,2014,10,Indian,hsc,0.0226605124771595,5,0.04370518773794174,0.021044675260782242
CS2,2014,10,Ross,hfr,0.05815884470939636,5,0.11733650416135788,0.05917765945196152
CS2,2014,10,Ross,hfi,0.07005280256271362,5,0.1705627143383026,0.10050991177558899
CS2,2014,10,Ross,hs,0.12933068722486496,5,0.2536361813545227,0.12430549412965775
CS2,2014,10,Ross,hsc,0.020395249128341675,5,0.05409061536192894,0.033695366233587265
CS2,2014,10,Western_Pacific,hfr,0.06362832337617874,5,0.1243920773267746,0.060763753950595856
CS2,2014,10,Western_Pacific,hfi,0.052210502326488495,5,0.1427377462387085,0.09052724391222
CS2,2014,10,Western_Pacific,hs,0.0867493599653244,5,0.19593152403831482,0.10918216407299042
CS2,2014,10,Western_Pacific,hsc,0.018500221893191338,5,0.04178448021411896,0.02328425832092762
CS2,2014,10,Western_Weddell,hfr,0.08470867574214935,5,0.18182373046875,0.09711505472660065
CS2,2014,10,Western_Weddell,hfi,0.10426098108291626,5,0.2605232894420624,0.15626230835914612
CS2,2014,10,Western_Weddell,hs,0.14682380855083466,5,0.35333865880966187,0.2065148502588272
CS2,2014,10,Western_Weddell,hsc,0.019373461604118347,5,0.0753532275557518,0.05597976595163345
CS2,2015,5,Amundsen_Bellingshausen,hfr,0.03984861075878143,5,0.10391344875097275,0.06406483799219131
CS2,2015,5,Amundsen_Bellingshausen,hfi,0.027411989867687225,5,0.12515899538993835,0.09774700552225113
CS2,2015,5,Amundsen_Bellingshausen,hs,0.06574387103319168,5,0.15300209820270538,0.0872582271695137
CS2,2015,5,Amundsen_Bellingshausen,hsc,0.01167190819978714,5,0.03388188034296036,0.022209972143173218
CS2,2015,5,Eastern_Weddell,hfr,0.04628847539424896,5,0.10803523659706116,0.061746761202812195
CS2,2015,5,Eastern_Weddell,hfi,0.04847025126218796,5,0.14442965388298035,0.09595940262079239
CS2,2015,5,Eastern_Weddell,hs,0.07536176592111588,5,0.18418027460575104,0.10881850868463516
CS2,2015,5,Eastern_Weddell,hsc,0.009670546278357506,5,0.0373682864010334,0.027697740122675896
CS2,2015,5,Indian,hfr,0.023081935942173004,5,0.06794165819883347,0.04485972225666046
CS2,2015,5,Indian,hfi,0.024020060896873474,5,0.09072660654783249,0.06670654565095901
CS2,2015,5,Indian,hs,0.07283860445022583,5,0.16460633277893066,0.09176772832870483
CS2,2015,5,Indian,hsc,0.011550109833478928,5,0.03339692950248718,0.021846819669008255
CS2,2015,5,Ross,hfr,0.033854104578495026,5,0.08535459637641907,0.05150049179792404
CS2,2015,5,Ross,hfi,0.02581041306257248,5,0.10952595621347427,0.0837155431509018
CS2,2015,5,Ross,hs,0.059420399367809296,5,0.1458517611026764,0.0864313617348671
CS2,2015,5,Ross,hsc,0.010233728215098381,5,0.03223324194550514,0.02199951373040676
CS2,2015,5,Western_Pacific,hfr,0.02950447052717209,5,0.09828925132751465,0.06878478080034256
CS2,2015,5,Western_Pacific,hfi,0.0218404158949852,5,0.11526993662118912,0.09342952072620392
CS2,2015,5,Western_Pacific,hs,0.08166780322790146,5,0.16728897392749786,0.0856211706995964
CS2,2015,5,Western_Pacific,hsc,0.012147925794124603,5,0.03394121676683426,0.021793290972709656
CS2,2015,5,Western_Weddell,hfr,0.09695738554000854,5,0.2069106101989746,0.10995322465896606
CS2,2015,5,Western_Weddell,hfi,0.09560525417327881,5,0.282372385263443,0.18676713109016418
CS2,2015,5,Western_Weddell,hs,0.1616145521402359,5,0.343504399061203,0.1818898469209671
CS2,2015,5,Western_Weddell,hsc,0.03080984577536583,5,0.07697664201259613,0.0461667962372303
CS2,2015,6,Amundsen_Bellingshausen,hfr,0.041038163006305695,5,0.10757334530353546,0.06653518229722977
CS2,2015,6,Amundsen_Bellingshausen,hfi,0.04102620482444763,5,0.1461552381515503,0.10512903332710266
CS2,2015,6,Amundsen_Bellingshausen,hs,0.06854526698589325,5,0.19090932607650757,0.12236405909061432
CS2,2015,6,Amundsen_Bellingshausen,hsc,0.007503155618906021,5,0.04168735817074776,0.034184202551841736
CS2,2015,6,Eastern_Weddell,hfr,0.04711688682436943,5,0.1069563776254654,0.05983949080109596
CS2,2015,6,Eastern_Weddell,hfi,0.04827670753002167,5,0.1480400711297989,0.09976336359977722
CS2,2015,6,Eastern_Weddell,hs,0.06870605796575546,5,0.18912948668003082,0.12042342871427536
CS2,2015,6,Eastern_Weddell,hsc,0.007656652480363846,5,0.04129871353507042,0.033642061054706573
CS2,2015,6,Indian,hfr,0.023417044430971146,5,0.06197654455900192,0.03855950012803078
CS2,2015,6,Indian,hfi,0.020235396921634674,5,0.08367176353931427,0.0634363666176796
CS2,2015,6,Indian,hs,0.06251692026853561,5,0.1422007828950882,0.07968386262655258
CS2,2015,6,Indian,hsc,0.009181931614875793,5,0.031051259487867355,0.021869327872991562
CS2,2015,6,Ross,hfr,0.04928523674607277,5,0.10924834758043289,0.05996311083436012
CS2,2015,6,Ross,hfi,0.05770103633403778,5,0.1551651507616043,0.09746411442756653
CS2,2015,6,Ross,hs,0.10373366624116898,5,0.21714983880519867,0.1134161725640297
CS2,2015,6,Ross,hsc,0.015732813626527786,5,0.0474172942340374,0.03168448060750961
CS2,2015,6,Western_Pacific,hfr,0.0281442329287529,5,0.11203820258378983,0.08389396965503693
CS2,2015,6,Western_Pacific,hfi,0.02563917636871338,5,0.14033207297325134,0.11469289660453796
CS2,2015,6,Western_Pacific,hs,0.06451849639415741,5,0.13685446977615356,0.07233597338199615
CS2,2015,6,Western_Pacific,hsc,0.012418976053595543,5,0.03262709826231003,0.020208122208714485
CS2,2015,6,Western_Weddell,hfr,0.08706950396299362,5,0.2078401744365692,0.12077067047357559
CS2,2015,6,Western_Weddell,hfi,0.07976442575454712,5,0.28020402789115906,0.20043960213661194
CS2,2015,6,Western_Weddell,hs,0.13077373802661896,5,0.3346500098705292,0.20387627184391022
CS2,2015,6,Western_Weddell,hsc,0.026941243559122086,5,0.07984941452741623,0.052908170968294144
CS2,2015,7,Amundsen_Bellingshausen,hfr,0.0427083745598793,5,0.11418387293815613,0.07147549837827682
CS2,2015,7,Amundsen_Bellingshausen,hfi,0.04150989651679993,5,0.1565987467765808,0.11508885025978088
CS2,2015,7,Amundsen_Bellingshausen,hs,0.09286926686763763,5,0.20838655531406403,0.11551728844642639
CS2,2015,7,Amundsen_Bellingshausen,hsc,0.013232264667749405,5,0.04550372064113617,0.032271455973386765
CS2,2015,7,Eastern_Weddell,hfr,0.06469620019197464,5,0.12396683543920517,0.05927063524723053
CS2,2015,7,Eastern_Weddell,hfi,0.06515032052993774,5,0.16831903159618378,0.10316871106624603
CS2,2015,7,Eastern_Weddell,hs,0.045941129326820374,5,0.18664516508579254,0.14070403575897217
CS2,2015,7,Eastern_Weddell,hsc,0.004673067480325699,5,0.04395454749464989,0.03928148001432419
CS2,2015,7,Indian,hfr,0.029642637819051743,5,0.07063581049442291,0.04099317267537117
CS2,2015,7,Indian,hfi,0.024064041674137115,5,0.09247703105211258,0.06841298937797546
CS2,2015,7,Indian,hs,0.054986149072647095,5,0.14921095967292786,0.09422481060028076
CS2,2015,7,Indian,hsc,0.009307874366641045,5,0.03258201852440834,0.023274144157767296
CS2,2015,7,Ross,hfr,0.04795452207326889,5,0.11329683661460876,0.06534231454133987
CS2,2015,7,Ross,hfi,0.04797220975160599,5,0.15824183821678162,0.11026962846517563
CS2,2015,7,Ross,hs,0.08981966227293015,5,0.20462915301322937,0.11480949074029922
CS2,2015,7,Ross,hsc,0.012959983199834824,5,0.04503370448946953,0.032073721289634705
CS2,2015,7,Western_Pacific,hfr,0.023808971047401428,5,0.11851898580789566,0.09471001476049423
CS2,2015,7,Western_Pacific,hfi,0.03241083770990372,5,0.14516714215278625,0.11275630444288254
CS2,2015,7,Western_Pacific,hs,0.062253788113594055,5,0.16654397547245026,0.1042901873588562
CS2,2015,7,Western_Pacific,hsc,0.00723189115524292,5,0.036366891115903854,0.029134999960660934
CS2,2015,7,Western_Weddell,hfr,0.08224974572658539,5,0.19953085482120514,0.11728110909461975
CS2,2015,7,Western_Weddell,hfi,0.07569722831249237,5,0.269798219203949,0.1941009908914566
CS2,2015,7,Western_Weddell,hs,0.11993841826915741,5,0.3226824700832367,0.20274405181407928
CS2,2015,7,Western_Weddell,hsc,0.022972047328948975,5,0.07683263719081879,0.05386058986186981
CS2,2015,8,Amundsen_Bellingshausen,hfr,0.05642738938331604,5,0.13031527400016785,0.0738878846168518
CS2,2015,8,Amundsen_Bellingshausen,hfi,0.05804579704999924,5,0.17388705909252167,0.11584126204252243
CS2,2015,8,Amundsen_Bellingshausen,hs,0.08776560425758362,5,0.21296340227127075,0.12519779801368713
CS2,2015,8,Amundsen_Bellingshausen,hsc,0.011527284979820251,5,0.046503130346536636,0.034975845366716385
CS2,2015,8,Eastern_Weddell,hfr,0.0732102021574974,5,0.14753958582878113,0.07432938367128372
CS2,2015,8,Eastern_Weddell,hfi,0.07431074231863022,5,0.19540844857692719,0.12109770625829697
CS2,2015,8,Eastern_Weddell,hs,0.04762224853038788,5,0.2001909613609314,0.15256871283054352
CS2,2015,8,Eastern_Weddell,hsc,0.004175279289484024,5,0.04679759964346886,0.04262232035398483
CS2,2015,8,Indian,hfr,0.036610350012779236,5,0.0792699083685875,0.04265955835580826
CS2,2015,8,Indian,hfi,0.031834572553634644,5,0.10293377190828323,0.07109919935464859
CS2,2015,8,Indian,hs,0.07431977242231369,5,0.18126696348190308,0.10694719105958939
CS2,2015,8,Indian,hsc,0.016228625550866127,5,0.03958183526992798,0.02335320971906185
CS2,2015,8,Ross,hfr,0.04121846705675125,5,0.10730858892202377,0.06609012186527252
CS2,2015,8,Ross,hfi,0.036558255553245544,5,0.15131065249443054,0.114752396941185
CS2,2015,8,Ross,hs,0.10549729317426682,5,0.20876236259937286,0.10326506942510605
CS2,2015,8,Ross,hsc,0.019824834540486336,5,0.04867345467209816,0.028848620131611824
CS2,2015,8,Western_Pacific,hfr,0.05056887865066528,5,0.133769690990448,0.08320081233978271
CS2,2015,8,Western_Pacific,hfi,0.040525346994400024,5,0.16080626845359802,0.120280921459198
CS2,2015,8,Western_Pacific,hs,0.0888655036687851,5,0.22392258048057556,0.13505707681179047
CS2,2015,8,Western_Pacific,hsc,0.018439628183841705,5,0.04889620840549469,0.030456580221652985
CS2,2015,8,Western_Weddell,hfr,0.09207600355148315,5,0.1945974975824356,0.10252149403095245
CS2,2015,8,Western_Weddell,hfi,0.09156294167041779,5,0.2689949870109558,0.17743204534053802
CS2,2015,8,Western_Weddell,hs,0.11356253921985626,5,0.314662367105484,0.20109982788562775
CS2,2015,8,Western_Weddell,hsc,0.018730368465185165,5,0.07491056621074677,0.0561801977455616
CS2,2015,9,Amundsen_Bellingshausen,hfr,0.054393187165260315,5,0.1287974864244461,0.07440429925918579
CS2,2015,9,Amundsen_Bellingshausen,hfi,0.061068110167980194,5,0.18062546849250793,0.11955735832452774
CS2,2015,9,Amundsen_Bellingshausen,hs,0.11906222999095917,5,0.23755747079849243,0.11849524080753326
CS2,2015,9,Amundsen_Bellingshausen,hsc,0.01877015084028244,5,0.05187354236841202,0.03310339152812958
CS2,2015,9,Eastern_Weddell,hfr,0.06975704431533813,5,0.14541082084178925,0.07565377652645111
CS2,2015,9,Eastern_Weddell,hfi,0.07005060464143753,5,0.19099560379981995,0.12094499915838242
CS2,2015,9,Eastern_Weddell,hs,0.06229256093502045,5,0.20707888901233673,0.14478632807731628
CS2,2015,9,Eastern_Weddell,hsc,0.004875615239143372,5,0.04532380774617195,0.04044819250702858
CS2,2015,9,Indian,hfr,0.04643196985125542,5,0.07259900122880936,0.02616703137755394
CS2,2015,9,Indian,hfi,0.03372153639793396,5,0.09394921362400055,0.06022767722606659
CS2,2015,9,Indian,hs,0.06503031402826309,5,0.1741766631603241,0.109146349132061
CS2,2015,9,Indian,hsc,0.014200154691934586,5,0.03803357854485512,0.023833423852920532
CS2,2015,9,Ross,hfr,0.038237206637859344,5,0.10726527869701385,0.06902807205915451
CS2,2015,9,Ross,hfi,0.03976413607597351,5,0.15341068804264069,0.11364655196666718
CS2,2015,9,Ross,hs,0.0982089564204216,5,0.2131669521331787,0.11495799571275711
CS2,2015,9,Ross,hsc,0.014432370662689209,5,0.046547576785087585,0.032115206122398376
CS2,2015,9,Western_Pacific,hfr,0.04716891795396805,5,0.12168766558170319,0.07451874762773514
CS2,2015,9,Western_Pacific,hfi,0.04134875535964966,5,0.14964082837104797,0.10829207301139832
CS2,2015,9,Western_Pacific,hs,0.08364765346050262,5,0.20454096794128418,0.12089331448078156
CS2,2015,9,Western_Pacific,hsc,0.014508737251162529,5,0.044663988053798676,0.030155250802636147
CS2,2015,9,Western_Weddell,hfr,0.07795558124780655,5,0.18059639632701874,0.10264081507921219
CS2,2015,9,Western_Weddell,hfi,0.08133961260318756,5,0.24995969235897064,0.16862007975578308
CS2,2015,9,Western_Weddell,hs,0.09064638614654541,5,0.2971189022064209,0.2064725160598755
CS2,2015,9,Western_Weddell,hsc,0.010392524302005768,5,0.06605157256126404,0.05565904825925827
CS2,2015,10,Amundsen_Bellingshausen,hfr,0.04347819834947586,5,0.0956476479768753,0.052169449627399445
CS2,2015,10,Amundsen_Bellingshausen,hfi,0.0378556102514267,5,0.13556909561157227,0.09771348536014557
CS2,2015,10,Amundsen_Bellingshausen,hs,0.0697326511144638,5,0.19801022112369537,0.12827757000923157
CS2,2015,10,Amundsen_Bellingshausen,hsc,0.010864697396755219,5,0.04563676938414574,0.03477207198739052
CS2,2015,10,Eastern_Weddell,hfr,0.06721201911568642,5,0.12536035478115082,0.0581483356654644
CS2,2015,10,Eastern_Weddell,hfi,0.07944109290838242,5,0.17673134803771973,0.09729025512933731
CS2,2015,10,Eastern_Weddell,hs,0.07876172661781311,5,0.22787033021450043,0.14910860359668732
CS2,2015,10,Eastern_Weddell,hsc,0.012453202158212662,5,0.048595771193504333,0.03614256903529167
CS2,2015,10,Indian,hfr,0.035972679033875465,5,0.05817762762308121,0.022204948589205742
CS2,2015,10,Indian,hfi,0.029999826103448868,5,0.07472564280033112,0.04472581669688225
CS2,2015,10,Indian,hs,0.07451862841844559,5,0.1576003134250641,0.0830816850066185
CS2,2015,10,Indian,hsc,0.012979701161384583,5,0.03360994905233383,0.02063024789094925
CS2,2015,10,Ross,hfr,0.0376863107085228,5,0.09840758889913559,0.06072127819061279
CS2,2015,10,Ross,hfi,0.0329204797744751,5,0.13288356363773346,0.09996308386325836
CS2,2015,10,Ross,hs,0.05269787460565567,5,0.1677282303571701,0.11503035575151443
CS2,2015,10,Ross,hsc,0.008060641586780548,5,0.03924180567264557,0.03118116408586502
CS2,2015,10,Western_Pacific,hfr,0.04605948552489281,5,0.10018974542617798,0.05413025990128517
CS2,2015,10,Western_Pacific,hfi,0.03613249957561493,5,0.11730127036571503,0.0811687707901001
CS2,2015,10,Western_Pacific,hs,0.07902555167675018,5,0.17877325415611267,0.09974770247936249
CS2,2015,10,Western_Pacific,hsc,0.014829076826572418,5,0.03812529146671295,0.023296214640140533
CS2,2015,10,Western_Weddell,hfr,0.08737051486968994,5,0.16713589429855347,0.07976537942886353
CS2,2015,10,Western_Weddell,hfi,0.10565337538719177,5,0.2443775236606598,0.13872414827346802
CS2,2015,10,Western_Weddell,hs,0.07338686287403107,5,0.3033617436885834,0.2299748808145523
CS2,2015,10,Western_Weddell,hsc,0.012559525668621063,5,0.06469512730836868,0.05213560163974762
CS2,2016,5,Amundsen_Bellingshausen,hfr,0.025062255561351776,5,0.09798457473516464,0.07292231917381287
CS2,2016,5,Amundsen_Bellingshausen,hfi,0.025600217282772064,5,0.13338084518909454,0.10778062790632248
CS2,2016,5,Amundsen_Bellingshausen,hs,0.13462825864553452,5,0.2028607577085495,0.06823249906301498
CS2,2016,5,Amundsen_Bellingshausen,hsc,0.023791037499904633,5,0.04115836322307587,0.017367325723171234
CS2,2016,5,Eastern_Weddell,hfr,0.032412994652986526,5,0.07300744205713272,0.040594447404146194
CS2,2016,5,Eastern_Weddell,hfi,0.028410382568836212,5,0.10597788542509079,0.07756750285625458
CS2,2016,5,Eastern_Weddell,hs,0.05880916863679886,5,0.16749969124794006,0.1086905226111412
CS2,2016,5,Eastern_Weddell,hsc,0.013760877773165703,5,0.03722276911139488,0.02346189133822918
CS2,2016,5,Indian,hfr,0.024562310427427292,5,0.07813571393489838,0.053573403507471085
CS2,2016,5,Indian,hfi,0.01941782981157303,5,0.09498675912618637,0.07556892931461334
CS2,2016,5,Indian,hs,0.048165105283260345,5,0.11436928063631058,0.06620417535305023
CS2,2016,5,Indian,hsc,0.00635330006480217,5,0.023204350844025612,0.016851050779223442
CS2,2016,5,Ross,hfr,0.02557583525776863,5,0.07842012494802475,0.05284428969025612
CS2,2016,5,Ross,hfi,0.012116387486457825,5,0.0980110689997673,0.08589468151330948
CS2,2016,5,Ross,hs,0.06185983866453171,5,0.13882842659950256,0.07696858793497086
CS2,2016,5,Ross,hsc,0.013500632718205452,5,0.03309156745672226,0.019590934738516808
CS2,2016,5,Western_Pacific,hfr,0.017869509756565094,5,0.10375889390707016,0.08588938415050507
CS2,2016,5,Western_Pacific,hfi,0.032680757343769073,5,0.12345783412456512,0.09077707678079605
CS2,2016,5,Western_Pacific,hs,0.08274136483669281,5,0.15734173357486725,0.07460036873817444
CS2,2016,5,Western_Pacific,hsc,0.012934872880578041,5,0.031923022121191025,0.018988149240612984
CS2,2016,5,Western_Weddell,hfr,0.06914862245321274,5,0.14865918457508087,0.07951056212186813
CS2,2016,5,Western_Weddell,hfi,0.060473352670669556,5,0.2157098352909088,0.15523648262023926
CS2,2016,5,Western_Weddell,hs,0.18296493589878082,5,0.331971138715744,0.1490062028169632
CS2,2016,5,Western_Weddell,hsc,0.03796779736876488,5,0.07589457929134369,0.03792678192257881
CS2,2016,6,Amundsen_Bellingshausen,hfr,0.06192069500684738,5,0.13301408290863037,0.07109338790178299
CS2,2016,6,Amundsen_Bellingshausen,hfi,0.04793895035982132,5,0.16022087633609772,0.1122819259762764
CS2,2016,6,Amundsen_Bellingshausen,hs,0.06189243495464325,5,0.17301274836063385,0.1111203134059906
CS2,2016,6,Amundsen_Bellingshausen,hsc,0.010484069585800171,5,0.041527166962623596,0.031043097376823425
CS2,2016,6,Eastern_Weddell,hfr,0.03773534670472145,5,0.07970331609249115,0.0419679693877697
CS2,2016,6,Eastern_Weddell,hfi,0.027111247181892395,5,0.11008322238922119,0.0829719752073288
CS2,2016,6,Eastern_Weddell,hs,0.06350964307785034,5,0.17223764955997467,0.10872800648212433
CS2,2016,6,Eastern_Weddell,hsc,0.01075153797864914,5,0.04106546938419342,0.03031393140554428
CS2,2016,6,Indian,hfr,0.02345232665538788,5,0.06988496333360672,0.04643263667821884
CS2,2016,6,Indian,hfi,0.018294289708137512,5,0.08944447338581085,0.07115018367767334
CS2,2016,6,Indian,hs,0.05680224299430847,5,0.12631690502166748,0.06951466202735901
CS2,2016,6,Indian,hsc,0.008162874728441238,5,0.027582822367548943,0.019419947639107704
CS2,2016,6,Ross,hfr,0.04003468528389931,5,0.09533534198999405,0.05530065670609474
CS2,2016,6,Ross,hfi,0.026294179260730743,5,0.11930175870656967,0.09300757944583893
CS2,2016,6,Ross,hs,0.07362100481987,5,0.1594099998474121,0.08578899502754211
CS2,2016,6,Ross,hsc,0.013745542615652084,5,0.03771195933222771,0.023966416716575623
CS2,2016,6,Western_Pacific,hfr,0.029171712696552277,5,0.10538654774427414,0.07621483504772186
CS2,2016,6,Western_Pacific,hfi,0.032925084233284,5,0.13501138985157013,0.10208630561828613
CS2,2016,6,Western_Pacific,hs,0.0687497928738594,5,0.15653356909751892,0.08778377622365952
CS2,2016,6,Western_Pacific,hsc,0.009657304733991623,5,0.03418099507689476,0.024523690342903137
CS2,2016,6,Western_Weddell,hfr,0.06384430825710297,5,0.14245475828647614,0.07861045002937317
CS2,2016,6,Western_Weddell,hfi,0.06263881921768188,5,0.22106032073497772,0.15842150151729584
CS2,2016,6,Western_Weddell,hs,0.1946796476840973,5,0.3583146333694458,0.1636349856853485
CS2,2016,6,Western_Weddell,hsc,0.03409722074866295,5,0.07981106638908386,0.045713845640420914
CS2,2016,7,Amundsen_Bellingshausen,hfr,0.042609475553035736,5,0.11374815553426743,0.07113867998123169
CS2,2016,7,Amundsen_Bellingshausen,hfi,0.027962900698184967,5,0.14583969116210938,0.11787679046392441
CS2,2016,7,Amundsen_Bellingshausen,hs,0.09879138320684433,5,0.19632379710674286,0.09753241389989853
CS2,2016,7,Amundsen_Bellingshausen,hsc,0.019491000100970268,5,0.04673811420798302,0.02724711410701275
CS2,2016,7,Eastern_Weddell,hfr,0.05119273066520691,5,0.09649425745010376,0.04530152678489685
CS2,2016,7,Eastern_Weddell,hfi,0.0366009920835495,5,0.12582305073738098,0.08922205865383148
CS2,2016,7,Eastern_Weddell,hs,0.07950463145971298,5,0.18448849022388458,0.1049838587641716
CS2,2016,7,Eastern_Weddell,hsc,0.01468694768846035,5,0.04401573911309242,0.029328791424632072
CS2,2016,7,Indian,hfr,0.025837764143943787,5,0.06494639068841934,0.039108626544475555
CS2,2016,7,Indian,hfi,0.01663421094417572,5,0.08368226885795593,0.06704805791378021
CS2,2016,7,Indian,hs,0.06055472791194916,5,0.14260780811309814,0.08205308020114899
CS2,2016,7,Indian,hsc,0.01054397039115429,5,0.03114013746380806,0.02059616707265377
CS2,2016,7,Ross,hfr,0.036090265959501266,5,0.09060080349445343,0.054510537534952164
CS2,2016,7,Ross,hfi,0.03131559491157532,5,0.13051055371761322,0.0991949588060379
CS2,2016,7,Ross,hs,0.07891744375228882,5,0.18794016540050507,0.10902272164821625
CS2,2016,7,Ross,hsc,0.014250442385673523,5,0.04470754414796829,0.03045710176229477
CS2,2016,7,Western_Pacific,hfr,0.030452601611614227,5,0.11390996724367142,0.08345736563205719
CS2,2016,7,Western_Pacific,hfi,0.03155869245529175,5,0.1475273221731186,0.11596862971782684
CS2,2016,7,Western_Pacific,hs,0.08051075041294098,5,0.16307030618190765,0.08255955576896667
CS2,2016,7,Western_Pacific,hsc,0.012544138357043266,5,0.03560836613178253,0.023064227774739265
CS2,2016,7,Western_Weddell,hfr,0.06622906774282455,5,0.15275728702545166,0.0865282192826271
CS2,2016,7,Western_Weddell,hfi,0.060624733567237854,5,0.22500969469547272,0.16438496112823486
CS2,2016,7,Western_Weddell,hs,0.1671799272298813,5,0.33752888441085815,0.17034895718097687
CS2,2016,7,Western_Weddell,hsc,0.03120282292366028,5,0.07792212069034576,0.046719297766685486
CS2,2016,8,Amundsen_Bellingshausen,hfr,0.05151110142469406,5,0.13675683736801147,0.08524573594331741
CS2,2016,8,Amundsen_Bellingshausen,hfi,0.055466458201408386,5,0.18682324886322021,0.13135679066181183
CS2,2016,8,Amundsen_Bellingshausen,hs,0.11431793123483658,5,0.2261347621679306,0.11181683093309402
CS2,2016,8,Amundsen_Bellingshausen,hsc,0.01814158260822296,5,0.04937925934791565,0.031237676739692688
CS2,2016,8,Eastern_Weddell,hfr,0.053425684571266174,5,0.1049111932516098,0.05148550868034363
CS2,2016,8,Eastern_Weddell,hfi,0.04058966785669327,5,0.13851197063922882,0.09792230278253555
CS2,2016,8,Eastern_Weddell,hs,0.07991193979978561,5,0.19505807757377625,0.11514613777399063
CS2,2016,8,Eastern_Weddell,hsc,0.014303788542747498,5,0.04647155851125717,0.032167769968509674
CS2,2016,8,Indian,hfr,0.02146865427494049,5,0.058730509132146835,0.037261854857206345
CS2,2016,8,Indian,hfi,0.01949847862124443,5,0.08097684383392334,0.06147836521267891
CS2,2016,8,Indian,hs,0.07009066641330719,5,0.1567748785018921,0.0866842120885849
CS2,2016,8,Indian,hsc,0.013259945437312126,5,0.034233689308166504,0.020973743870854378
CS2,2016,8,Ross,hfr,0.04849034920334816,5,0.10514963418245316,0.056659284979104996
CS2,2016,8,Ross,hfi,0.04629895091056824,5,0.1513785570859909,0.10507960617542267
CS2,2016,8,Ross,hs,0.09871286153793335,5,0.20991966128349304,0.11120679974555969
CS2,2016,8,Ross,hsc,0.017361192032694817,5,0.04842844605445862,0.0310672540217638
CS2,2016,8,Western_Pacific,hfr,0.030077777802944183,5,0.1428731381893158,0.11279536038637161
CS2,2016,8,Western_Pacific,hfi,0.04169568419456482,5,0.1778358370065689,0.1361401528120041
CS2,2016,8,Western_Pacific,hs,0.07694555819034576,5,0.17572970688343048,0.09878414869308472
CS2,2016,8,Western_Pacific,hsc,0.010775895789265633,5,0.038372702896595,0.02759680710732937
CS2,2016,8,Western_Weddell,hfr,0.06213582307100296,5,0.16497650742530823,0.10284068435430527
CS2,2016,8,Western_Weddell,hfi,0.0542936772108078,5,0.2304428666830063,0.1761491894721985
CS2,2016,8,Western_Weddell,hs,0.14451748132705688,5,0.30793297290802,0.16341549158096313
CS2,2016,8,Western_Weddell,hsc,0.029239613562822342,5,0.07332322746515274,0.0440836139023304
CS2,2016,9,Amundsen_Bellingshausen,hfr,0.05242972820997238,5,0.14344508945941925,0.09101536124944687
CS2,2016,9,Amundsen_Bellingshausen,hfi,0.04231487214565277,5,0.18140316009521484,0.13908828794956207
CS2,2016,9,Amundsen_Bellingshausen,hs,0.08046785742044449,5,0.2019306719303131,0.12146281450986862
CS2,2016,9,Amundsen_Bellingshausen,hsc,0.01418282464146614,5,0.04811524972319603,0.03393242508172989
CS2,2016,9,Eastern_Weddell,hfr,0.06469369679689407,5,0.11326408386230469,0.048570387065410614
CS2,2016,9,Eastern_Weddell,hfi,0.06377439945936203,5,0.15612484514713287,0.09235044568777084
CS2,2016,9,Eastern_Weddell,hs,0.052877724170684814,5,0.18961802124977112,0.1367402970790863
CS2,2016,9,Eastern_Weddell,hsc,0.008088819682598114,5,0.04384090378880501,0.035752084106206894
CS2,2016,9,Indian,hfr,0.034699564799666405,5,0.06304816156625748,0.028348596766591072
CS2,2016,9,Indian,hfi,0.029572077095508575,5,0.08620403707027435,0.05663195997476578
CS2,2016,9,Indian,hs,0.07052824646234512,5,0.17073772847652435,0.10020948201417923
CS2,2016,9,Indian,hsc,0.015400689095258713,5,0.03728264197707176,0.02188195288181305
CS2,2016,9,Ross,hfr,0.04373309016227722,5,0.10143105685710907,0.05769796669483185
CS2,2016,9,Ross,hfi,0.04104803502559662,5,0.14321036636829376,0.10216233134269714
CS2,2016,9,Ross,hs,0.07893899828195572,5,0.18771804869174957,0.10877905040979385
CS2,2016,9,Ross,hsc,0.01413809321820736,5,0.04452712461352348,0.030389031395316124
CS2,2016,9,Western_Pacific,hfr,0.04992121458053589,5,0.1266631931066513,0.07674197852611542
CS2,2016,9,Western_Pacific,hfi,0.041875578463077545,5,0.15489861369132996,0.11302303522825241
CS2,2016,9,Western_Pacific,hs,0.11007347702980042,5,0.23765574395656586,0.12758226692676544
CS2,2016,9,Western_Pacific,hsc,0.02141750603914261,5,0.05189500004053116,0.03047749400138855
CS2,2016,9,Western_Weddell,hfr,0.07229403406381607,5,0.14482004940509796,0.07252601534128189
CS2,2016,9,Western_Weddell,hfi,0.07289844751358032,5,0.20642335712909698,0.13352490961551666
CS2,2016,9,Western_Weddell,hs,0.12126113474369049,5,0.2749533951282501,0.15369226038455963
CS2,2016,9,Western_Weddell,hsc,0.02456972748041153,5,0.06560468673706055,0.04103495925664902
CS2,2016,10,Amundsen_Bellingshausen,hfr,0.04371539503335953,5,0.10751810669898987,0.06380271166563034
CS2,2016,10,Amundsen_Bellingshausen,hfi,0.051246754825115204,5,0.14490588009357452,0.09365912526845932
CS2,2016,10,Amundsen_Bellingshausen,hs,0.08652961254119873,5,0.19667284190654755,0.11014322936534882
CS2,2016,10,Amundsen_Bellingshausen,hsc,0.016543367877602577,5,0.046399783343076706,0.02985641546547413
CS2,2016,10,Eastern_Weddell,hfr,0.0786651223897934,5,0.1047700047492981,0.0261048823595047
CS2,2016,10,Eastern_Weddell,hfi,0.08616121113300323,5,0.15560144186019897,0.06944023072719574
CS2,2016,10,Eastern_Weddell,hs,0.11711128056049347,5,0.2456021010875702,0.12849082052707672
CS2,2016,10,Eastern_Weddell,hsc,0.024975232779979706,5,0.05237726494669914,0.027402032166719437
CS2,2016,10,Indian,hfr,0.04278975911438465,5,0.061826422810554504,0.019036663696169853
CS2,2016,10,Indian,hfi,0.04371298849582672,5,0.09117355942726135,0.04746057093143463
CS2,2016,10,Indian,hs,0.09675665944814682,5,0.18656598031520844,0.08980932086706161
CS2,2016,10,Indian,hsc,0.02063438668847084,5,0.039787180721759796,0.019152794033288956
CS2,2016,10,Ross,hfr,0.0409168116748333,5,0.09190947562456131,0.05099266394972801
CS2,2016,10,Ross,hfi,0.03948499262332916,5,0.13043168187141418,0.09094668924808502
CS2,2016,10,Ross,hs,0.07457548379898071,5,0.17827078700065613,0.10369530320167542
CS2,2016,10,Ross,hsc,0.011859949678182602,5,0.03996853157877922,0.02810858190059662
CS2,2016,10,Western_Pacific,hfr,0.0497756227850914,5,0.1255108267068863,0.07573520392179489
CS2,2016,10,Western_Pacific,hfi,0.027890987694263458,5,0.14292468130588531,0.11503369361162186
CS2,2016,10,Western_Pacific,hs,0.11165744811296463,5,0.2252732217311859,0.11361577361822128
CS2,2016,10,Western_Pacific,hsc,0.02381214313209057,5,0.04804191738367081,0.02422977425158024
CS2,2016,10,Western_Weddell,hfr,0.080840352922678,5,0.13873477280139923,0.05789441987872124
CS2,2016,10,Western_Weddell,hfi,0.10519695281982422,5,0.2169412225484848,0.11174426972866058
CS2,2016,10,Western_Weddell,hs,0.11583021283149719,5,0.2871704697608948,0.17134025692939758
CS2,2016,10,Western_Weddell,hsc,0.024702023714780807,5,0.061242155730724335,0.03654013201594353
CS2,2017,5,Amundsen_Bellingshausen,hfr,0.023940391838550568,5,0.09553694725036621,0.07159655541181564
CS2,2017,5,Amundsen_Bellingshausen,hfi,0.023440919816493988,5,0.10948263853788376,0.08604171872138977
CS2,2017,5,Amundsen_Bellingshausen,hs,0.11194370314478874,5,0.14954620599746704,0.0376025028526783
CS2,2017,5,Amundsen_Bellingshausen,hsc,0.0263003408908844,5,0.035871364176273346,0.009571023285388947
CS2,2017,5,Eastern_Weddell,hfr,0.04390667378902435,5,0.08499138057231903,0.04108470678329468
CS2,2017,5,Eastern_Weddell,hfi,0.024831578135490417,5,0.10269800573587418,0.07786642760038376
CS2,2017,5,Eastern_Weddell,hs,0.08445335179567337,5,0.15401889383792877,0.0695655420422554
CS2,2017,5,Eastern_Weddell,hsc,0.019075101241469383,5,0.03678172826766968,0.017706627026200294
CS2,2017,5,Indian,hfr,0.028578605502843857,5,0.08043558150529861,0.05185697600245476
CS2,2017,5,Indian,hfi,0.020701751112937927,5,0.09482624381780624,0.07412449270486832
CS2,2017,5,Indian,hs,0.06738568842411041,5,0.12392351776361465,0.05653782933950424
CS2,2017,5,Indian,hsc,0.010752148926258087,5,0.025142811238765717,0.01439066231250763
CS2,2017,5,Ross,hfr,0.022392820566892624,5,0.05929715558886528,0.036904335021972656
CS2,2017,5,Ross,hfi,0.011488966643810272,5,0.07574614882469177,0.0642571821808815
CS2,2017,5,Ross,hs,0.07579907774925232,5,0.14042364060878754,0.06462456285953522
CS2,2017,5,Ross,hsc,0.017010482028126717,5,0.03345947340130806,0.016448991373181343
CS2,2017,5,Western_Pacific,hfr,0.01335829496383667,5,0.09532437473535538,0.08196607977151871
CS2,2017,5,Western_Pacific,hfi,0.02972051501274109,5,0.11764103919267654,0.08792052417993546
CS2,2017,5,Western_Pacific,hs,0.10160194337368011,5,0.17622719705104828,0.07462525367736816
CS2,2017,5,Western_Pacific,hsc,0.01676020212471485,5,0.03575468435883522,0.01899448223412037
CS2,2017,5,Western_Weddell,hfr,0.05101478099822998,5,0.13363508880138397,0.08262030780315399
CS2,2017,5,Western_Weddell,hfi,0.03537391126155853,5,0.1950717717409134,0.15969786047935486
CS2,2017,5,Western_Weddell,hs,0.18973368406295776,5,0.323764830827713,0.13403114676475525
CS2,2017,5,Western_Weddell,hsc,0.04584313929080963,5,0.07724741846323013,0.0314042791724205
CS2,2017,6,Amundsen_Bellingshausen,hfr,0.026223227381706238,5,0.08056327700614929,0.054340049624443054
CS2,2017,6,Amundsen_Bellingshausen,hfi,0.014889217913150787,5,0.10302925854921341,0.08814004063606262
CS2,2017,6,Amundsen_Bellingshausen,hs,0.103184774518013,5,0.17717140913009644,0.07398663461208344
CS2,2017,6,Amundsen_Bellingshausen,hsc,0.021692082285881042,5,0.042361337691545486,0.020669255405664444
CS2,2017,6,Eastern_Weddell,hfr,0.04502999410033226,5,0.0909736230969429,0.04594362899661064
CS2,2017,6,Eastern_Weddell,hfi,0.03215094655752182,5,0.12022144347429276,0.08807049691677094
CS2,2017,6,Eastern_Weddell,hs,0.07742564380168915,5,0.17837436497211456,0.10094872117042542
CS2,2017,6,Eastern_Weddell,hsc,0.013933340087532997,5,0.042134854942560196,0.0282015148550272
CS2,2017,6,Indian,hfr,0.019373010843992233,5,0.05377934128046036,0.034406330436468124
CS2,2017,6,Indian,hfi,0.014649733901023865,5,0.07449187338352203,0.05984213948249817
CS2,2017,6,Indian,hs,0.06423166766762733,5,0.12663540244102478,0.062403734773397446
CS2,2017,6,Indian,hsc,0.010218964889645576,5,0.027652369812130928,0.01743340492248535
CS2,2017,6,Ross,hfr,0.035487618297338486,5,0.0819535031914711,0.046465884894132614
CS2,2017,6,Ross,hfi,0.019323766231536865,5,0.10283464193344116,0.0835108757019043
CS2,2017,6,Ross,hs,0.08102017641067505,5,0.15576526522636414,0.07474508881568909
CS2,2017,6,Ross,hsc,0.016163840889930725,5,0.037044983357191086,0.02088114246726036
CS2,2017,6,Western_Pacific,hfr,0.019887849688529968,5,0.0961851254105568,0.07629727572202682
CS2,2017,6,Western_Pacific,hfi,0.029597990214824677,5,0.1210082396864891,0.09141024947166443
CS2,2017,6,Western_Pacific,hs,0.051971495151519775,5,0.1400650441646576,0.08809354901313782
CS2,2017,6,Western_Pacific,hsc,0.006611175835132599,5,0.031221408396959305,0.024610232561826706
CS2,2017,6,Western_Weddell,hfr,0.05409470945596695,5,0.15275874733924866,0.09866403788328171
CS2,2017,6,Western_Weddell,hfi,0.044184908270835876,5,0.22264473140239716,0.17845982313156128
CS2,2017,6,Western_Weddell,hs,0.19572772085666656,5,0.33520641922950745,0.13947869837284088
CS2,2017,6,Western_Weddell,hsc,0.04240753501653671,5,0.07985271513462067,0.037445180118083954
CS2,2017,7,Amundsen_Bellingshausen,hfr,0.03820255398750305,5,0.09794767946004868,0.059745125472545624
CS2,2017,7,Amundsen_Bellingshausen,hfi,0.01879054307937622,5,0.12474242597818375,0.10595188289880753
CS2,2017,7,Amundsen_Bellingshausen,hs,0.09790176153182983,5,0.19381487369537354,0.0959131121635437
CS2,2017,7,Amundsen_Bellingshausen,hsc,0.019412007182836533,5,0.046206749975681305,0.026794742792844772
CS2,2017,7,Eastern_Weddell,hfr,0.04322625324130058,5,0.08436679095029831,0.041140537708997726
CS2,2017,7,Eastern_Weddell,hfi,0.03943800926208496,5,0.12471912056207657,0.08528111129999161
CS2,2017,7,Eastern_Weddell,hs,0.07195095717906952,5,0.18541277945041656,0.11346182227134705
CS2,2017,7,Eastern_Weddell,hsc,0.012536339461803436,5,0.044233571738004684,0.03169723227620125
CS2,2017,7,Indian,hfr,0.026372849941253662,5,0.06624084711074829,0.03986799716949463
CS2,2017,7,Indian,hfi,0.019116446375846863,5,0.08670245110988617,0.0675860047340393
CS2,2017,7,Indian,hs,0.07146894186735153,5,0.1553528755903244,0.08388393372297287
CS2,2017,7,Indian,hsc,0.012072034180164337,5,0.033923182636499405,0.021851148456335068
CS2,2017,7,Ross,hfr,0.03645941987633705,5,0.08738526701927185,0.0509258471429348
CS2,2017,7,Ross,hfi,0.03260806202888489,5,0.12799155712127686,0.09538349509239197
CS2,2017,7,Ross,hs,0.09790192544460297,5,0.1874343901872635,0.08953246474266052
CS2,2017,7,Ross,hsc,0.01948331482708454,5,0.04449553042650223,0.025012215599417686
CS2,2017,7,Western_Pacific,hfr,0.020769521594047546,5,0.0893234983086586,0.06855397671461105
CS2,2017,7,Western_Pacific,hfi,0.02061007171869278,5,0.10859083384275436,0.08798076212406158
CS2,2017,7,Western_Pacific,hs,0.0704713985323906,5,0.15828578174114227,0.08781438320875168
CS2,2017,7,Western_Pacific,hsc,0.011824369430541992,5,0.034563615918159485,0.022739246487617493
CS2,2017,7,Western_Weddell,hfr,0.0694236159324646,5,0.16328655183315277,0.09386293590068817
CS2,2017,7,Western_Weddell,hfi,0.06405866146087646,5,0.236196368932724,0.17213770747184753
CS2,2017,7,Western_Weddell,hs,0.15658292174339294,5,0.3287937045097351,0.17221078276634216
CS2,2017,7,Western_Weddell,hsc,0.03391876444220543,5,0.07828693091869354,0.04436816647648811
CS2,2017,8,Amundsen_Bellingshausen,hfr,0.05066801607608795,5,0.1167045533657074,0.06603653728961945
CS2,2017,8,Amundsen_Bellingshausen,hfi,0.04236595332622528,5,0.1517922729253769,0.10942631959915161
CS2,2017,8,Amundsen_Bellingshausen,hs,0.058380141854286194,5,0.18225909769535065,0.12387895584106445
CS2,2017,8,Amundsen_Bellingshausen,hsc,0.008855212479829788,5,0.04346262291073799,0.0346074104309082
CS2,2017,8,Eastern_Weddell,hfr,0.050231821835041046,5,0.09526883810758591,0.04503701627254486
CS2,2017,8,Eastern_Weddell,hfi,0.04190210998058319,5,0.13358266651630402,0.09168055653572083
CS2,2017,8,Eastern_Weddell,hs,0.07590092718601227,5,0.196063831448555,0.12016290426254272
CS2,2017,8,Eastern_Weddell,hsc,0.013124722987413406,5,0.04669399932026863,0.033569276332855225
CS2,2017,8,Indian,hfr,0.044172126799821854,5,0.07802679389715195,0.03385466709733009
CS2,2017,8,Indian,hfi,0.037024207413196564,5,0.1021323874592781,0.06510818004608154
CS2,2017,8,Indian,hs,0.05609186738729477,5,0.17240484058856964,0.11631297320127487
CS2,2017,8,Indian,hsc,0.011594578623771667,5,0.03764667734503746,0.026052098721265793
CS2,2017,8,Ross,hfr,0.038210418075323105,5,0.09073767066001892,0.052527252584695816
CS2,2017,8,Ross,hfi,0.026241153478622437,5,0.12608161568641663,0.09984046220779419
CS2,2017,8,Ross,hs,0.09570205956697464,5,0.1989346295595169,0.10323256999254227
CS2,2017,8,Ross,hsc,0.018473679199814796,5,0.04731322079896927,0.028839541599154472
CS2,2017,8,Western_Pacific,hfr,0.04841587319970131,5,0.10735951364040375,0.05894364044070244
CS2,2017,8,Western_Pacific,hfi,0.039771854877471924,5,0.12838928401470184,0.08861742913722992
CS2,2017,8,Western_Pacific,hs,0.06373430043458939,5,0.17180553078651428,0.1080712303519249
CS2,2017,8,Western_Pacific,hsc,0.013917151838541031,5,0.03751581162214279,0.02359865978360176
CS2,2017,8,Western_Weddell,hfr,0.07820631563663483,5,0.1771220862865448,0.09891577064990997
CS2,2017,8,Western_Weddell,hfi,0.07340259850025177,5,0.24663414061069489,0.17323154211044312
CS2,2017,8,Western_Weddell,hs,0.13938091695308685,5,0.31980833411216736,0.1804274171590805
CS2,2017,8,Western_Weddell,hsc,0.027616072446107864,5,0.0743548572063446,0.04673878476023674
CS2,2017,9,Amundsen_Bellingshausen,hfr,0.06360982358455658,5,0.13795797526836395,0.07434815168380737
CS2,2017,9,Amundsen_Bellingshausen,hfi,0.06619620323181152,5,0.1851968765258789,0.11900067329406738
CS2,2017,9,Amundsen_Bellingshausen,hs,0.05618944764137268,5,0.20863503217697144,0.15244558453559875
CS2,2017,9,Amundsen_Bellingshausen,hsc,0.0029700659215450287,5,0.045557983219623566,0.04258791729807854
CS2,2017,9,Eastern_Weddell,hfr,0.058203842490911484,5,0.10322005301713943,0.04501621052622795
CS2,2017,9,Eastern_Weddell,hfi,0.051923930644989014,5,0.14193832874298096,0.09001439809799194
CS2,2017,9,Eastern_Weddell,hs,0.06662629544734955,5,0.1890152245759964,0.12238892912864685
CS2,2017,9,Eastern_Weddell,hsc,0.010834172368049622,5,0.04502532258629799,0.03419115021824837
CS2,2017,9,Indian,hfr,0.046005645766854286,5,0.07212118059396744,0.02611553482711315
CS2,2017,9,Indian,hfi,0.04307546839118004,5,0.10281507670879364,0.0597396083176136
CS2,2017,9,Indian,hs,0.07625298947095871,5,0.18119552731513977,0.10494253784418106
CS2,2017,9,Indian,hsc,0.016650760546326637,5,0.03956623375415802,0.022915473207831383
CS2,2017,9,Ross,hfr,0.037439920008182526,5,0.08918239921331406,0.05174247920513153
CS2,2017,9,Ross,hfi,0.02993199974298477,5,0.1259971410036087,0.09606514126062393
CS2,2017,9,Ross,hs,0.07768081873655319,5,0.18646332621574402,0.10878250747919083
CS2,2017,9,Ross,hsc,0.013932665809988976,5,0.0443226620554924,0.030389996245503426
CS2,2017,9,Western_Pacific,hfr,0.07235482335090637,5,0.11787493526935577,0.0455201119184494
CS2,2017,9,Western_Pacific,hfi,0.05288904905319214,5,0.13842345774173737,0.08553440868854523
CS2,2017,9,Western_Pacific,hs,0.11568211764097214,5,0.2212817519903183,0.10559963434934616
CS2,2017,9,Western_Pacific,hsc,0.02526058629155159,5,0.04831954464316368,0.02305895835161209
CS2,2017,9,Western_Weddell,hfr,0.07685873657464981,5,0.16322609782218933,0.08636736124753952
CS2,2017,9,Western_Weddell,hfi,0.07772572338581085,5,0.22905123233795166,0.1513255089521408
CS2,2017,9,Western_Weddell,hs,0.10787457227706909,5,0.2813068926334381,0.17343232035636902
CS2,2017,9,Western_Weddell,hsc,0.01657557114958763,5,0.06502644717693329,0.04845087602734566
CS2,2017,10,Amundsen_Bellingshausen,hfr,0.08743361849337816,5,0.10220605880022049,0.014772440306842327
CS2,2017,10,Amundsen_Bellingshausen,hfi,0.10237496346235275,5,0.16198579967021942,0.05961083620786667
CS2,2017,10,Amundsen_Bellingshausen,hs,0.10156035423278809,5,0.26168113946914673,0.16012078523635864
CS2,2017,10,Amundsen_Bellingshausen,hsc,0.021658826619386673,5,0.05580629035830498,0.034147463738918304
CS2,2017,10,Eastern_Weddell,hfr,0.05700911022722721,5,0.08519716560840607,0.028188055381178856
CS2,2017,10,Eastern_Weddell,hfi,0.07208847254514694,5,0.13602009415626526,0.06393162161111832
CS2,2017,10,Eastern_Weddell,hs,0.0927586704492569,5,0.22462017834186554,0.13186150789260864
CS2,2017,10,Eastern_Weddell,hsc,0.019161265343427658,5,0.04790264368057251,0.02874137833714485
CS2,2017,10,Indian,hfr,0.05521297897212207,5,0.05181343853473663,-0.00339954043738544
CS2,2017,10,Indian,hfi,0.07468242011964321,5,0.09842631965875626,0.023743899539113045
CS2,2017,10,Indian,hs,0.12522312253713608,5,0.2146110087633133,0.08938788622617722
CS2,2017,10,Indian,hsc,0.02670515887439251,5,0.04576807841658592,0.019062919542193413
CS2,2017,10,Ross,hfr,0.05160130560398102,5,0.08079095929861069,0.02918965369462967
CS2,2017,10,Ross,hfi,0.06670764833688736,5,0.12784703075885773,0.06113938242197037
CS2,2017,10,Ross,hs,0.0980004295706749,5,0.2158661037683487,0.1178656741976738
CS2,2017,10,Ross,hsc,0.01799660548567772,5,0.04603574424982071,0.02803913876414299
CS2,2017,10,Western_Pacific,hfr,0.08144164457917213,5,0.11543113738298416,0.03398949280381203
CS2,2017,10,Western_Pacific,hfi,0.1033167615532875,5,0.16596008837223053,0.06264332681894302
CS2,2017,10,Western_Pacific,hs,0.2011702060699463,5,0.3058409094810486,0.1046707034111023
CS2,2017,10,Western_Pacific,hsc,0.04290168546140194,5,0.065223827958107,0.022322142496705055
CS2,2017,10,Western_Weddell,hfr,0.08432582765817642,5,0.15997591614723206,0.07565008848905563
CS2,2017,10,Western_Weddell,hfi,0.08447209000587463,5,0.21762339770793915,0.13315130770206451
CS2,2017,10,Western_Weddell,hs,0.06350141763687134,5,0.2564617395401001,0.19296032190322876
CS2,2017,10,Western_Weddell,hsc,0.012746874243021011,5,0.05750122293829918,0.04475434869527817
CS2,2018,5,Amundsen_Bellingshausen,hfr,0.04066145047545433,5,0.09608428180217743,0.0554228313267231
CS2,2018,5,Amundsen_Bellingshausen,hfi,0.047351375222206116,5,0.1362685114145279,0.08891713619232178
CS2,2018,5,Amundsen_Bellingshausen,hs,0.10744797438383102,5,0.2108141928911209,0.10336621850728989
CS2,2018,5,Amundsen_Bellingshausen,hsc,0.020404450595378876,5,0.04277202859520912,0.022367577999830246
CS2,2018,5,Eastern_Weddell,hfr,0.02433876320719719,5,0.05857948213815689,0.0342407189309597
CS2,2018,5,Eastern_Weddell,hfi,0.01408529281616211,5,0.0886739045381546,0.07458861172199249
CS2,2018,5,Eastern_Weddell,hs,0.09066926687955856,5,0.16948163509368896,0.0788123682141304
CS2,2018,5,Eastern_Weddell,hsc,0.020901689305901527,5,0.040660515427589417,0.01975882612168789
CS2,2018,5,Indian,hfr,0.020417015999555588,5,0.06050063669681549,0.0400836206972599
CS2,2018,5,Indian,hfi,0.023610692471265793,5,0.08604223281145096,0.062431540340185165
CS2,2018,5,Indian,hs,0.12195635586977005,5,0.1667594462633133,0.04480309039354324
CS2,2018,5,Indian,hsc,0.022429978474974632,5,0.03383377939462662,0.011403800919651985
CS2,2018,5,Ross,hfr,0.03739155828952789,5,0.07825712114572525,0.04086556285619736
CS2,2018,5,Ross,hfi,0.020017318427562714,5,0.0942106619477272,0.07419334352016449
CS2,2018,5,Ross,hs,0.08515788614749908,5,0.14783594012260437,0.06267805397510529
CS2,2018,5,Ross,hsc,0.01737423986196518,5,0.03332778066396713,0.015953540802001953
CS2,2018,5,Western_Pacific,hfr,0.009196914732456207,5,0.06731797009706497,0.058121055364608765
CS2,2018,5,Western_Pacific,hfi,0.039848245680332184,5,0.11670918762683868,0.0768609419465065
CS2,2018,5,Western_Pacific,hs,0.24649332463741302,5,0.2839856445789337,0.03749231994152069
CS2,2018,5,Western_Pacific,hsc,0.04807479307055473,5,0.05761777237057686,0.009542979300022125
CS2,2018,5,Western_Weddell,hfr,0.09555634111166,5,0.20141862332820892,0.10586228221654892
CS2,2018,5,Western_Weddell,hfi,0.09052300453186035,5,0.27567049860954285,0.1851474940776825
CS2,2018,5,Western_Weddell,hs,0.19200968742370605,5,0.3594892919063568,0.16747960448265076
CS2,2018,5,Western_Weddell,hsc,0.0367572121322155,5,0.07938605546951294,0.04262884333729744
CS2,2018,6,Amundsen_Bellingshausen,hfr,0.044802576303482056,5,0.1125408262014389,0.06773824989795685
CS2,2018,6,Amundsen_Bellingshausen,hfi,0.050066202878952026,5,0.15677931904792786,0.10671311616897583
CS2,2018,6,Amundsen_Bellingshausen,hs,0.08011170476675034,5,0.19491693377494812,0.11480522900819778
CS2,2018,6,Amundsen_Bellingshausen,hsc,0.0117466039955616,5,0.04256247356534004,0.030815869569778442
CS2,2018,6,Eastern_Weddell,hfr,0.030095476657152176,5,0.0615154430270195,0.031419966369867325
CS2,2018,6,Eastern_Weddell,hfi,0.012654870748519897,5,0.08832705020904541,0.07567217946052551
CS2,2018,6,Eastern_Weddell,hs,0.0981375128030777,5,0.18588177859783173,0.08774426579475403
CS2,2018,6,Eastern_Weddell,hsc,0.019873159006237984,5,0.04438580945134163,0.024512650445103645
CS2,2018,6,Indian,hfr,0.029296278953552246,5,0.060018934309482574,0.03072265535593033
CS2,2018,6,Indian,hfi,0.04022602364420891,5,0.09508763998746872,0.05486161634325981
CS2,2018,6,Indian,hs,0.10992076247930527,5,0.18686936795711517,0.0769486054778099
CS2,2018,6,Indian,hsc,0.0220424123108387,5,0.04080517962574959,0.01876276731491089
CS2,2018,6,Ross,hfr,0.026767712086439133,5,0.06642024964094162,0.03965253755450249
CS2,2018,6,Ross,hfi,0.023956894874572754,5,0.1013551726937294,0.07739827781915665
CS2,2018,6,Ross,hs,0.08413493633270264,5,0.16349762678146362,0.07936269044876099
CS2,2018,6,Ross,hsc,0.015691835433244705,5,0.03786297142505646,0.022171135991811752
CS2,2018,6,Western_Pacific,hfr,0.020725339651107788,5,0.10160531103610992,0.08087997138500214
CS2,2018,6,Western_Pacific,hfi,0.050509341061115265,5,0.16430041193962097,0.1137910708785057
CS2,2018,6,Western_Pacific,hs,0.18307269364595413,5,0.2730317711830139,0.08995907753705978
CS2,2018,6,Western_Pacific,hsc,0.03448839671909809,5,0.05961979180574417,0.02513139508664608
CS2,2018,6,Western_Weddell,hfr,0.09579795598983765,5,0.20233575999736786,0.10653780400753021
CS2,2018,6,Western_Weddell,hfi,0.1002122163772583,5,0.287199467420578,0.1869872510433197
CS2,2018,6,Western_Weddell,hs,0.212106853723526,5,0.38165515661239624,0.16954830288887024
CS2,2018,6,Western_Weddell,hsc,0.0359732024371624,5,0.08333902060985565,0.04736581817269325
CS2,2018,7,Amundsen_Bellingshausen,hfr,0.04073382169008255,5,0.12180006504058838,0.08106624335050583
CS2,2018,7,Amundsen_Bellingshausen,hfi,0.03323429822921753,5,0.15989205241203308,0.12665775418281555
CS2,2018,7,Amundsen_Bellingshausen,hs,0.08410286158323288,5,0.19150744378566742,0.10740458220243454
CS2,2018,7,Amundsen_Bellingshausen,hsc,0.015586450695991516,5,0.045591503381729126,0.03000505268573761
CS2,2018,7,Eastern_Weddell,hfr,0.03605712950229645,5,0.07227511703968048,0.03621798753738403
CS2,2018,7,Eastern_Weddell,hfi,0.022765949368476868,5,0.10455989092588425,0.08179394155740738
CS2,2018,7,Eastern_Weddell,hs,0.09698833525180817,5,0.19144219160079956,0.0944538563489914
CS2,2018,7,Eastern_Weddell,hsc,0.019256820902228355,5,0.04564389958977699,0.026387078687548637
CS2,2018,7,Indian,hfr,0.02304081991314888,5,0.058024123311042786,0.034983303397893906
CS2,2018,7,Indian,hfi,0.03755364939570427,5,0.09954434633255005,0.06199069693684578
CS2,2018,7,Indian,hs,0.10003935545682907,5,0.18609537184238434,0.08605601638555527
CS2,2018,7,Indian,hsc,0.020155858248472214,5,0.040636174380779266,0.020480316132307053
CS2,2018,7,Ross,hfr,0.03819708153605461,5,0.08491355180740356,0.04671647027134895
CS2,2018,7,Ross,hfi,0.02180074155330658,5,0.11347860842943192,0.09167786687612534
CS2,2018,7,Ross,hs,0.10040780901908875,5,0.1888607144355774,0.08845290541648865
CS2,2018,7,Ross,hsc,0.020357057452201843,5,0.0450676791369915,0.024710621684789658
CS2,2018,7,Western_Pacific,hfr,0.035323366522789,5,0.10038822889328003,0.06506486237049103
CS2,2018,7,Western_Pacific,hfi,0.05542933940887451,5,0.15454450249671936,0.09911516308784485
CS2,2018,7,Western_Pacific,hs,0.17317130416631699,5,0.25875574350357056,0.08558443933725357
CS2,2018,7,Western_Pacific,hsc,0.03259316831827164,5,0.05650244653224945,0.023909278213977814
CS2,2018,7,Western_Weddell,hfr,0.07252343744039536,5,0.18434201180934906,0.1118185743689537
CS2,2018,7,Western_Weddell,hfi,0.07910767197608948,5,0.2699187397956848,0.19081106781959534
CS2,2018,7,Western_Weddell,hs,0.21856753528118134,5,0.377610445022583,0.15904290974140167
CS2,2018,7,Western_Weddell,hsc,0.038024820387363434,5,0.08245579898357391,0.04443097859621048
CS2,2018,8,Amundsen_Bellingshausen,hfr,0.05451007932424545,5,0.1379651427268982,0.08345506340265274
CS2,2018,8,Amundsen_Bellingshausen,hfi,0.051263898611068726,5,0.1777932047843933,0.12652930617332458
CS2,2018,8,Amundsen_Bellingshausen,hs,0.09318620711565018,5,0.20765633881092072,0.11447013169527054
CS2,2018,8,Amundsen_Bellingshausen,hsc,0.013365354388952255,5,0.0453442707657814,0.03197891637682915
CS2,2018,8,Eastern_Weddell,hfr,0.06306542456150055,5,0.10780394822359085,0.0447385236620903
CS2,2018,8,Eastern_Weddell,hfi,0.05485334247350693,5,0.14653335511684418,0.09168001264333725
CS2,2018,8,Eastern_Weddell,hs,0.07090361416339874,5,0.19717806577682495,0.1262744516134262
CS2,2018,8,Eastern_Weddell,hsc,0.011670436710119247,5,0.046947065740823746,0.0352766290307045
CS2,2018,8,Indian,hfr,0.02645329385995865,5,0.058929163962602615,0.03247587010264397
CS2,2018,8,Indian,hfi,0.03971889615058899,5,0.09675820171833038,0.057039305567741394
CS2,2018,8,Indian,hs,0.09650306403636932,5,0.18121576309204102,0.08471269905567169
CS2,2018,8,Indian,hsc,0.01590491458773613,5,0.039570651948451996,0.023665737360715866
CS2,2018,8,Ross,hfr,0.044505178928375244,5,0.0946681797504425,0.05016300082206726
CS2,2018,8,Ross,hfi,0.03635431081056595,5,0.13487616181373596,0.09852185100317001
CS2,2018,8,Ross,hs,0.10445521771907806,5,0.20323817431926727,0.09878295660018921
CS2,2018,8,Ross,hsc,0.02080027014017105,5,0.04839674383401871,0.027596473693847656
CS2,2018,8,Western_Pacific,hfr,0.03552574664354324,5,0.10584302991628647,0.07031728327274323
CS2,2018,8,Western_Pacific,hfi,0.06393296271562576,5,0.15774251520633698,0.09380955249071121
CS2,2018,8,Western_Pacific,hs,0.16379183530807495,5,0.2447108030319214,0.08091896772384644
CS2,2018,8,Western_Pacific,hsc,0.03082965686917305,5,0.0534355603158474,0.022605903446674347
CS2,2018,8,Western_Weddell,hfr,0.09337121993303299,5,0.18598617613315582,0.09261495620012283
CS2,2018,8,Western_Weddell,hfi,0.08794412016868591,5,0.25648370385169983,0.16853958368301392
CS2,2018,8,Western_Weddell,hs,0.12653790414333344,5,0.31892192363739014,0.1923840194940567
CS2,2018,8,Western_Weddell,hsc,0.02223612740635872,5,0.07598143815994263,0.05374531075358391
CS2,2018,9,Amundsen_Bellingshausen,hfr,0.05758582055568695,5,0.1403588056564331,0.08277298510074615
CS2,2018,9,Amundsen_Bellingshausen,hfi,0.05925151705741882,5,0.18653354048728943,0.1272820234298706
CS2,2018,9,Amundsen_Bellingshausen,hs,0.078184574842453,5,0.20541054010391235,0.12722596526145935
CS2,2018,9,Amundsen_Bellingshausen,hsc,0.009311418980360031,5,0.04485386982560158,0.03554245084524155
CS2,2018,9,Eastern_Weddell,hfr,0.06463828682899475,5,0.10612719506025314,0.04148890823125839
CS2,2018,9,Eastern_Weddell,hfi,0.06165490299463272,5,0.14757157862186432,0.0859166756272316
CS2,2018,9,Eastern_Weddell,hs,0.05348026752471924,5,0.1915222853422165,0.13804201781749725
CS2,2018,9,Eastern_Weddell,hsc,0.008759766817092896,5,0.04445916414260864,0.03569939732551575
CS2,2018,9,Indian,hfr,0.0395217090845108,5,0.05894618481397629,0.019424475729465485
CS2,2018,9,Indian,hfi,0.05335628241300583,5,0.10269543528556824,0.04933915287256241
CS2,2018,9,Indian,hs,0.09231963008642197,5,0.1961311399936676,0.10381150990724564
CS2,2018,9,Indian,hsc,0.020159104838967323,5,0.04282760247588158,0.022668497636914253
CS2,2018,9,Ross,hfr,0.04012088105082512,5,0.09128263592720032,0.0511617548763752
CS2,2018,9,Ross,hfi,0.036429986357688904,5,0.13180477917194366,0.09537479281425476
CS2,2018,9,Ross,hs,0.08950589597225189,5,0.1858053356409073,0.0962994396686554
CS2,2018,9,Ross,hsc,0.0173446424305439,5,0.04424731060862541,0.026902668178081512
CS2,2018,9,Western_Pacific,hfr,0.03283892571926117,5,0.10904572159051895,0.07620679587125778
CS2,2018,9,Western_Pacific,hfi,0.06499206274747849,5,0.17356961965560913,0.10857755690813065
CS2,2018,9,Western_Pacific,hs,0.1907169297337532,5,0.30224940180778503,0.11153247207403183
CS2,2018,9,Western_Pacific,hsc,0.04088432900607586,5,0.06599980592727661,0.025115476921200752
CS2,2018,9,Western_Weddell,hfr,0.09558049589395523,5,0.18541939556598663,0.0898388996720314
CS2,2018,9,Western_Weddell,hfi,0.09615854918956757,5,0.2491278350353241,0.15296928584575653
CS2,2018,9,Western_Weddell,hs,0.07506084442138672,5,0.27980858087539673,0.20474773645401
CS2,2018,9,Western_Weddell,hsc,0.009092044085264206,5,0.06629133969545364,0.05719929561018944
CS2,2018,10,Amundsen_Bellingshausen,hfr,0.04150307923555374,5,0.12416964769363403,0.08266656845808029
CS2,2018,10,Amundsen_Bellingshausen,hfi,0.040600091218948364,5,0.16972844302654266,0.1291283518075943
CS2,2018,10,Amundsen_Bellingshausen,hs,0.08410265296697617,5,0.20127703249454498,0.11717437952756882
CS2,2018,10,Amundsen_Bellingshausen,hsc,0.014749649912118912,5,0.04651199281215668,0.031762342900037766
CS2,2018,10,Eastern_Weddell,hfr,0.05558984726667404,5,0.09639571607112885,0.0408058688044548
CS2,2018,10,Eastern_Weddell,hfi,0.057255394756793976,5,0.13748051226139069,0.08022511750459671
CS2,2018,10,Eastern_Weddell,hs,0.05108480155467987,5,0.19206503033638,0.14098022878170013
CS2,2018,10,Eastern_Weddell,hsc,0.0058357492089271545,5,0.0409599132835865,0.03512416407465935
CS2,2018,10,Indian,hfr,0.062245297245681286,5,0.06554873287677765,0.003303435631096363
CS2,2018,10,Indian,hfi,0.0810794085264206,5,0.11563168466091156,0.03455227613449097
CS2,2018,10,Indian,hs,0.11280814558267593,5,0.20962366461753845,0.09681551903486252
CS2,2018,10,Indian,hsc,0.024057537317276,5,0.04470447823405266,0.020646940916776657
CS2,2018,10,Ross,hfr,0.03277551382780075,5,0.07657095789909363,0.04379544407129288
CS2,2018,10,Ross,hfi,0.031978823244571686,5,0.11581839621067047,0.08383957296609879
CS2,2018,10,Ross,hs,0.08107977360486984,5,0.18156202137470245,0.10048224776983261
CS2,2018,10,Ross,hsc,0.012806514278054237,5,0.040044136345386505,0.027237622067332268
CS2,2018,10,Western_Pacific,hfr,0.053624436259269714,5,0.11018664389848709,0.05656220763921738
CS2,2018,10,Western_Pacific,hfi,0.08694593608379364,5,0.17094576358795166,0.08399982750415802
CS2,2018,10,Western_Pacific,hs,0.20717140287160873,5,0.300459086894989,0.09328768402338028
CS2,2018,10,Western_Pacific,hsc,0.04418150335550308,5,0.06407609581947327,0.019894592463970184
CS2,2018,10,Western_Weddell,hfr,0.0794556513428688,5,0.15702176094055176,0.07756610959768295
CS2,2018,10,Western_Weddell,hfi,0.08771464228630066,5,0.2185414582490921,0.13082681596279144
CS2,2018,10,Western_Weddell,hs,0.08493679761886597,5,0.2814207673072815,0.19648396968841553
CS2,2018,10,Western_Weddell,hsc,0.006755266338586807,5,0.060015976428985596,0.05326071009039879
